id_director,name_d
100001,Stanley Kubrick
100002,Randal Kleiser
100003,Irvin Kershner
100004,Jim Abrahams
100005,Harold Ramis
100006,Sean S. Cunningham
100007,John Landis
100008,Martin Scorsese
100009,Richard Lester
100010,Walter Hill
100011,Buddy Van Horn
100012,Jamie Uys
100013,Robert Altman
100014,Robert Redford
100015,Brian De Palma
100016,Jeannot Szwarc
100017,Alan Parker
100018,Colin Higgins
100019,John Carpenter
100020,Sidney Poitier
100021,William Friedkin
100022,Michael Cimino
100023,Don Taylor
100024,Robert Greenwald
100025,James Bridges
100026,Ken Russell
100027,Ron Maxwell
100028,Jerry Jameson
100029,Stuart Rosenberg
100030,Paul Schrader
100031,Tony Bill
100032,Paul Lynch
100033,Hal Needham
100034,Lamont Johnson
100035,Jay Sandrich
100036,Howard Zieff
100037,Floyd Mutrux
100038,Kevin Connor
100039,Richard Fleischer
100040,Michael Apted
100041,John Hough
100042,Bruce Beresford
100043,Richard Rush
100044,Art Linson
100045,Mike Newell
100046,Tommy Chong
100047,Michael Ritchie
100048,Ulli Lommel
100049,Clive Donner
100050,Moustapha Akkad
100051,Woody Allen
100052,Jonathan Demme
100053,Nancy Walker
100054,Clint Eastwood
100055,Federico Fellini
100056,Lang Elliott
100057,James Goldstone
100058,Joe Camp
100059,Eric Karson
100060,James L. Conway
100061,Vincent McEveety
100062,Joel Oliansky
100063,Claudia Weill
100064,Jerry Schatzberg
100065,Daniel Petrie
100066,Anne Bancroft
100067,Vladimir Menshov
100068,Piers Haggard
100069,Bill Persky
100070,Martin Davidson
100071,Gary Weis
100072,Bill Melendez
100073,Marty Feldman
100074,Alan Rudolph
100075,Sidney Lumet
100076,Charles Jarrott
100077,Walter Bernstein
100078,Paul Mazursky
100079,Franco Rosso
100080,Kieth Merrill
100081,John Huston
100082,Gordon Willis
100083,Jack Smight
100084,Paul Grimault
100085,Gilbert Cates
100086,Michael Pressman
100087,Édouard Molinaro
100088,Chuck Barris
100089,Mike Nichols
100090,Larry Peerce
100091,Buck Henry
100092,Wing-Cho Yip
100093,Steven Spielberg
100094,Lawrence Kasdan
100097,Sam Raimi
100098,Bob Clark
100100,Desmond Davis
100101,John Boorman
100102,George Miller
100103,Wolfgang Petersen
100104,Ivan Reitman
100105,Andrzej Zulawski
100107,Michael Mann
100108,Franco Zeffirelli
100109,Terry Gilliam
100110,Alan Alda
100111,Steve Miner
100112,David Cronenberg
100113,John Glen
100114,Rick Rosenthal
100115,Harold Becker
100116,Warren Beatty
100117,Mark Rydell
100118,Directors
100119,Hugh Hudson
100120,Sydney Pollack
100121,John Derek
100123,Steve Gordon
100124,Louis Malle
100125,Carl Gottlieb
100126,Gary Sherman
100127,Mel Brooks
100128,Joe Dante
100129,Matthew Robbins
100130,Ivan Passer
100131,Jean-Jacques Annaud
100132,Graham Baker
100133,Frank Perry
100134,Alan Myerson
100135,Bob Rafelson
100136,Milos Forman
100137,Wes Craven
100138,Peter Yates
100139,Peter Weir
100140,Peter Hyams
100142,Blake Edwards
100143,Lucio Fulci
100144,John Irvin
100145,George Mihalka
100146,Tobe Hooper
100147,Francis Ford Coppola
100148,Karel Reisz
100149,Jim Henson
100150,Ulu Grosbard
100151,Michael Crichton
100152,Bruce Malmuth
100154,Burt Reynolds
100155,John G. Avildsen
100157,Richard Marquand
100158,Michael Wadleigh
100159,Mickey Rose
100161,Oliver Stone
100163,Jean-Jacques Beineix
100166,Ken Wiederhorn
100167,Peter Medak
100168,Steve Rash
100169,Michael Schultz
100170,Joel Schumacher
100172,James Ivory
100173,Herb Freed
100174,Ken Shapiro
100175,Herbert Ross
100176,Ralph Bakshi
100177,William A. Fraker
100178,Franklin J. Schaffner
100179,Ken Hughes
100180,Steve Carver
100181,Luis Valdez
100182,George Cukor
100183,Billy Wilder
100184,Oz Scott
100185,Albert Brooks
100186,Allan Arkush
100187,Martin Ritt
100188,Gus Trikonis
100189,Jack Fisk
100190,John Badham
100191,Terence Young
100192,Jean-Claude Tramont
100193,Roger Spottiswoode
100194,Alan J. Pakula
100195,Glenn Jordan
100196,John Schlesinger
100197,David Steinberg
100198,Noel Nosseck
100199,Byron Quisenberry
100200,Steven Hilliard Stern
100202,E.W. Swackhamer
100203,Ferdinando Baldi
100204,Jacques Rivette
100205,Allan King
100206,Amy Heckerling
100207,Ridley Scott
100209,John Milius
100211,Ted Kotcheff
100212,Taylor Hackford
100213,Patricia Birch
100217,Nicholas Meyer
100218,Stuart Gillard
100219,Boaz Davidson
100221,Richard Attenborough
100223,Steven Lisberger
100224,Don Bluth
100226,Sylvester Stallone
100227,Don Coscarelli
100228,George A. Romero
100232,Ingmar Bergman
100235,Tommy Lee Wallace
100238,Juan Piquer Simón
100239,Robert J. Rosenthal
100241,George Roy Hill
100242,Barry Levinson
100245,Ron Howard
100248,Jules Bass
100249,Sidney J. Furie
100250,Ken Finkleman
100251,Richard Donner
100252,Mark Rosman
100253,Guy Hamilton
100254,Albert Pyun
100255,Michael Winner
100256,Michael Miller
100258,Robert Towne
100259,Carl Reiner
100260,Damiano Damiani
100261,Costa-Gavras
100262,Graeme Clifford
100263,David Schmoeller
100264,David S. Ward
100266,Tim Hunter
100267,Tom Kennedy
100268,Richard T. Heffron
100270,Garry Marshall
100271,Richard Benjamin
100272,Robert Benton
100273,Charles Band
100274,Arthur Hiller
100276,Philippe Mora
100278,Ian Sharp
100280,Roger Christian
100281,Tony Richardson
100282,Robert Mulligan
100285,Norman Jewison
100287,Hal Ashby
100288,Fred Schepisi
100289,Jean-Claude Lord
100290,Bruce Paltrow
100295,John Frankenheimer
100296,James Glickenhaus
100297,Richard Brooks
100299,Wim Wenders
100300,Jerry Belson
100301,James Fargo
100302,Richard Loncraine
100303,Caleb Deschanel
100304,Delbert Mann
100306,Thomas K. Avildsen
100307,James Beshears
100308,Don Siegel
100309,Daniel Vigne
100310,Elliott Hong
100313,Fred Zinnemann
100314,Jamaa Fanaka
100315,Eric Till
100316,James Burrows
100317,Joe Layton
100323,Lewis Teague
100324,Wolf Gremm
100325,Fumihiko Takayama
100326,Robert Taylor
100328,John Wintergate
100329,Peter Duffell
100330,Peter Markle
100331,Paul Cox
100335,Paul Brickman
100341,Joe Alves
100343,Robert Hiltzik
100344,Adrian Lyne
100346,Philip Kaufman
100351,Noel Black
100352,Martha Coolidge
100355,James L. Brooks
100361,Tony Scott
100362,Stan Dragoti
100364,Jim McBride
100365,Richard Franklin
100366,Bill Forsyth
100369,Michael Chapman
100371,George Bowers
100372,Barbra Streisand
100375,Mel Damski
100376,Terry Jones
100377,Andrei Tarkovsky
100379,Dick Lowry
100380,James Sbardellati
100382,Jack Clayton
100384,Bob Fosse
100387,James Signorelli
100388,Nagisa Ôshima
100389,Curtis Hanson
100390,Rafal Zielinski
100391,Douglas Trumbull
100393,Robert Vincent O'Neil
100394,J. Lee Thompson
100397,Howard Avedis
100399,Andrew V. McLaglen
100400,John Herzfeld
100401,Paul Nicholas
100403,Brian G. Hutton
100404,Carroll Ballard
100405,Wilford Leach
100406,Clive Smith
100407,Luigi Cozzi
100408,Lewis Gilbert
100412,Lynne Littman
100413,Sam Peckinpah
100414,Sam Firstenberg
100416,Robert Mandel
100417,Enzo G. Castellari
100418,Alan Johnson
100419,Nicolas Roeg
100422,Antonio Margheriti
100423,George P. Cosmatos
100426,John Mackenzie
100428,Peter Sasdy
100431,Franc Roddam
100434,Joseph Sargent
100436,Jeff Kanew
100438,Jeremy Kagan
100439,John Sayles
100443,Jonathan Kaplan
100444,Amy Holden Jones
100446,Ferdinand Fairfax
100447,Michael Laughlin
100448,Robert Dalva
100450,William Olsen
100452,Bryan Forbes
100453,Marshall Brickman
100454,Donald Shebib
100455,James Toback
100456,Michael Tuchner
100457,Cirio H. Santiago
100459,Robert Lieberman
100461,Lawrence David Foldes
100462,Dick Richards
100464,Terry Bedford
100465,Roland Klick
100466,Richard Pryor
100467,Paul Aaron
100468,Charles Burnett
100469,Richard Michaels
100470,David Nelson
100472,Mark Pirro
100473,David Drury
100474,Frank Zuniga
100475,Tom Logan
100476,James Cameron
100477,David Lynch
100480,Sergio Leone
100481,Hugh Wilson
100486,Martin Brest
100492,Robert Zemeckis
100494,John Hughes
100496,Rob Reiner
100497,Michael Radford
100500,Fritz Kiersch
100501,Nick Castle
100503,Joel Coen
100505,Neal Israel
100506,Hayao Miyazaki
100507,Joseph Zito
100508,Mark Griffiths
100511,Roger Donaldson
100512,Mark L. Lester
100513,Douglas Cheek
100514,Gene Wilder
100516,W.D. Richter
100517,Leonard Nimoy
100518,Alex Cox
100520,Roland Joffé
100523,Thom Eberhardt
100524,Stanley Donen
100525,Joseph Ruben
100527,Stewart Raffill
100531,Jim Jarmusch
100533,David Lean
100534,Albert Magnoli
100536,Stephen Frears
100537,John Guillermin
100540,Frank Oz
100543,Just Jaeckin
100544,Joel Silberg
100546,Neil Jordan
100547,Luca Bercovici
100548,Steve Barron
100551,Charles E. Sellier Jr.
100555,Hy Averback
100556,James Foley
100557,Richard Tuggle
100560,Robert Butler
100562,Stan Lathan
100565,John Byrum
100566,Marvin J. Chomsky
100569,John C. Broderick
100572,Ruggero Deodato
100574,Tengiz Abuladze
100576,Russell Mulcahy
100580,Roger Young
100581,Charles Shyer
100585,William Tannen
100587,Paul Bartel
100588,Jim Sotos
100589,Robert Boris
100590,Douglas Day Stewart
100594,Willard Huyck
100597,Mark Buntzman
100601,Dorian Walker
100602,Éric Rohmer
100605,Gillian Armstrong
100607,Richard Pearce
100610,Peter Webb
100614,Marcelo Epstein
100615,Thomas Rickman
100619,Paolo Taviani
100623,Malcolm Mowbray
100624,Rob Cohen
100625,Paul Bogart
100627,Lawrence Dane
100628,Bobby Roth
100630,Bertrand Tavernier
100632,Armyan Bernstein
100633,Rod Amateau
100634,Richard C. Sarafian
100635,Lawrence Bassoff
100636,Menahem Golan
100637,Ken Cameron
100638,Károly Makk
100639,Roy Battersby
100640,Adam Brooks
100641,Ippei Kuri
100642,Gene Taft
100643,Gérard Lauzier
100648,Jonathan Lynn
100652,Peter Bogdanovich
100654,Dan O'Bannon
100658,Rod Daniel
100665,Savage Steve Holland
100666,Akira Kurosawa
100670,Tom Holland
100672,Paul Verhoeven
100678,Jack Sholder
100681,Tim Burton
100684,Lisa Gottlieb
100688,Jerry Paris
100689,Ted Berman
100690,Danny Steinmann
100691,Andrey Konchalovskiy
100692,Stuart Gordon
100696,Susan Seidelman
100697,Alan Metter
100704,Howard Storm
100706,Jackie Chan
100711,Daniel Attias
100712,Hector Babenco
100715,Joyce Chopra
100716,James Komack
100719,Geoff Murphy
100720,Jûzô Itami
100721,William Malone
100722,David Greenwalt
100723,Corey Yuen
100724,Simon Wincer
100729,Michael Dinner
100733,Kevin Reynolds
100741,Rudy De Luca
100742,Donna Deitch
100743,Cary Medoway
100746,Lasse Hallström
100747,Jonathan R. Betuel
100748,Linda Feferman
100749,James Frawley
100755,Luc Besson
100757,John McTiernan
100759,Bill Norton
100760,Andrew Davis
100762,Robert Clouse
100767,Christopher Cain
100770,Will Vinton
100773,Mike Hodges
100777,Peter Masterson
100778,Lance Hool
100780,Phillip Borsos
100782,Luis Puenzo
100785,Hal Barwood
100787,Edward Yang
100788,Emir Kusturica
100790,Steven Hahn
100792,Paul Donovan
100793,Arna Selznick
100796,Bud Yorkin
100798,Dick Clement
100800,Robert Dornhelm
100804,Freddie Francis
100807,Gavin Millar
100809,Harvey Miller
100810,David Hare
100812,Bernard Deyriès
100814,Coline Serreau
100815,Raju Patel
100817,Jovan Acin
100818,Stephen Gyllenhaal
100819,Ray Lawrence
100820,Jonathan Sanger
100821,István Szabó
100822,Gary Hudson
100824,William Asher
100825,Georges Lautner
100826,Michael Pearce
100828,Ettore Scola
100829,Roger L. Simon
100830,Sig Shore
100833,Rob Nilsson
100834,Cary Parker
100836,Ian Mune
100838,Brian Gilbert
100839,Patrick Jamain
100840,Mehdi Charef
100842,Petru Popescu
100843,Caroline Huppert
100848,Peter Faiman
100852,Howard Deutch
100868,Mike Marvin
100870,David Anspaugh
100876,Lizzie Borden
100879,Stephen King
100880,David Seltzer
100881,Tom McLoughlin
100885,Edward Zwick
100886,Stephen Herek
100892,John McNaughton
100895,Fred Dekker
100897,Robert Harmon
100900,Harry Winer
100905,Nelson Shin
100907,John Carl Buechler
100914,Spike Lee
100919,Brian Gibson
100920,Leos Carax
100921,Anthony Perkins
100922,Gary Nelson
100923,Masanori Hata
100924,Derek Jarman
100925,Randa Haines
100927,Pedro Almodóvar
100929,Fred Walton
100931,Roman Polanski
100933,Trevor Nunn
100935,Claude Berri
100944,Charles Martin Smith
100946,Penny Marshall
100947,Duncan Gibbins
100949,David Byrne
100950,Jimmy T. Murakami
100954,Tom DeSimone
100955,Paul Michael Glaser
100956,Richard Wenk
100958,Ted Nicolaou
100959,Thomas Michael Donnelly
100961,Harley Cokeliss
100962,Robert M. Young
100967,Peter Manoogian
100970,Jerry Kramer
100971,Kevin Tenney
100972,Christopher Morahan
100980,Prince
100981,Nadia Tass
100982,George Mendeluk
100983,Marco Bellocchio
100984,Julien Temple
100985,Jeffrey Delman
100989,William Fruet
100991,Emilio Estevez
100992,Jim Goddard
100995,Director
100996,David Beaird
100998,Bob Swaim
100999,Moshé Mizrahi
101000,Denys Arcand
101003,Gene Saks
101005,Paul Schneider
101009,Bill Sherwood
101011,Daryl Duke
101013,Bob Weinstein
101014,Tom Moore
101015,Andrew Lane
101017,Michelle Manning
101019,Zoran Perisic
101020,Bertrand Blier
101023,Simon Langton
101024,Dale Schott
101025,Dominic Orlando
101026,Renny Harlin
101027,Eugene Corr
101029,Eliseo Subiela
101032,Allan Burns
101033,Henning Carlsen
101034,Gideon Amir
101035,Fred Olen Ray
101038,Jerrold Freedman
101039,Fons Rademakers
101040,Evelyn Purcell
101041,Deran Sarafian
101042,Frank Harris
101043,Claude Lelouch
101049,Emile Ardolino
101050,Chris Columbus
101055,Kathryn Bigelow
101056,Michael Gottlieb
101057,Gary Goddard
101059,Clive Barker
101071,Chuck Russell
101078,Bruce Robinson
101084,Bernardo Bertolucci
101085,Marek Kanievska
101088,Joe Roth
101094,William Dear
101095,Michael Gornick
101096,Jim Drake
101098,Jimmy Huston
101099,Jeffrey Bloom
101102,Tom Mankiewicz
101103,Danny DeVito
101105,Christopher Leitch
101107,David Hugh Jones
101108,Tibor Takács
101109,John R. Cherry III
101112,Steve De Jarnatt
101115,Barbet Schroeder
101119,Alan Clarke
101121,Peter Werner
101122,Elaine May
101123,Norman Mailer
101125,Gabriel Axel
101128,Percy Adlon
101130,Phil Joanou
101132,William Phelps
101134,Ethan Wiley
101136,David Mamet
101138,Élie Chouraqui
101139,Peter R. Hunt
101141,Lyndall Hobbs
101143,Cheech Marin
101148,Bille August
101151,Janice Karman
101152,Tamar Simon Hoffs
101153,Bruce Pittman
101154,Bob Giraldi
101155,Jeff Bleckner
101157,John Flynn
101160,Dennis Feldman
101162,Pat O'Connor
101167,Ben Bolt
101170,David Leland
101171,René Laloux
101173,David Keith
101175,Lindsay Anderson
101181,Wayne Wang
101184,Lee Harry
101185,David DeCoteau
101186,Tom Daley
101187,Robert Collector
101189,Mary Lambert
101190,Paul Weiland
101193,Donald Cammell
101195,Robert Townsend
101200,Melvin Frank
101205,Bill Froehlich
101208,Michael Hoffman
101209,Arthur Penn
101211,Charlie Loventhal
101212,Abel Ferrara
101219,Christine Edzard
101220,John Duigan
101221,Peter Greenaway
101223,Phil Alden Robinson
101228,Diane Kurys
101230,Bigas Luna
101232,Nikita Mikhalkov
101234,Stephen Carpenter
101235,Peter Del Monte
101237,Bill Condon
101239,Terry Leonard
101240,Dorothy Ann Puzo
101242,Paul Newman
101243,Yurek Bogayevicz
101252,John Cornell
101253,Michael Lehmann
101256,Donald Petrie
101257,Katsuhiro Ôtomo
101258,Giuseppe Tornatore
101262,David Zucker
101267,Charles Crichton
101269,Newt Arnold
101273,Peter MacDonald
101277,John Waters
101279,Ron Shelton
101283,George Scribner
101284,Zalman King
101290,Stephen Chiodo
101291,Dwight H. Little
101297,Keenen Ivory Wayans
101298,Stan Winston
101301,Greg Beeman
101302,Tony Randel
101304,Dennis Hopper
101309,Robert Bierman
101311,Ken Annakin
101313,Ramón Menéndez
101314,William Lustig
101321,Zelda Barron
101324,Anthony Hickox
101326,Kar-Wai Wong
101330,Bud S. Smith
101331,Francis Megahy
101332,Kenneth Johnson
101334,William Richert
101338,Carl Schultz
101343,Craig R. Baxley
101347,Frank LaLoggia
101352,David Green
101357,Mick Garris
101358,Mark Goldblatt
101360,Joan Freeman
101363,Paul Flaherty
101367,Geneviève Robert
101368,Rowdy Herrington
101370,Steven Kampmann
101371,Mira Nair
101372,Yahoo Serious
101374,Geoff Burrowes
101376,Roger Vadim
101377,Mike Leigh
101379,Bruno Nuytten
101381,Ken Kwapis
101382,Catherine Breillat
101383,Annabel Jankel
101384,Aaron Norris
101387,Jon Hess
101389,Camilo Vila
101390,Jim Wynorski
101392,Ernest Thompson
101395,Henry Winkler
101396,Claire Denis
101399,Andrew Fleming
101401,Bernard Rose
101403,James B. Harris
101404,Paul Golding
101405,Mike Figgis
101406,Matthew Chapman
101408,Gary Sinise
101409,Glenn Gordon Caron
101410,Joan Micklin Silver
101412,David Stevens
101415,Robert Englund
101416,James Dearden
101419,Keith Gordon
101422,William Webb
101423,Pen Densham
101424,Janet Greek
101426,Charles Sturridge
101427,Martin Campbell
101430,Gordon Hessler
101431,Marisa Silver
101435,Terence Davies
101437,Daniel Goldberg
101440,Christopher Crowe
101441,Bill Fishman
101442,Martin Donovan
101450,Ron Clements
101454,Joe Johnston
101458,Steven Soderbergh
101470,Jeremiah S. Chechik
101472,Cameron Crowe
101475,Eddie Murphy
101482,Jim Sheridan
101485,Richard Greenberg
101486,Todd Holland
101487,Jay Levey
101489,William Shatner
101495,Robert Radler
101496,Phillip Noyce
101497,Mark DiSalle
101501,Gus Van Sant
101502,Stephen Hopkins
101503,Marc Rocco
101504,Dominique Othenin-Girard
101510,Kenneth Branagh
101512,Rob Hedden
101515,Michael Caton-Jones
101516,Steve Kloves
101519,Chris Walas
101530,Joe Pytka
101532,John Dahl
101534,Michael Anderson
101537,Uli Edel
101538,Masami Hata
101549,Carl Schenkel
101551,Peter Bonerz
101553,David Webb Peoples
101555,Francis Veber
101557,Thomas J. Wright
101559,Larry Cohen
101560,Mick Jackson
101561,Jeff Burr
101563,Christopher Guest
101564,Bob Balaban
101566,Gary David Goldberg
101571,Norman René
101572,John Howley
101575,Euzhan Palcy
101577,Dave Thomas
101579,Hal Hartley
101581,James Isaac
101582,Mel Smith
101583,Michael Herz
101587,Takeshi Kitano
101589,Richard Baskin
101590,Jane Campion
101592,Thomas Schlamme
101593,Damian Harris
101597,Robert Wise
101598,Jim Wheat
101599,Jim Kouf
101601,Michael Schroeder
101602,Ildikó Enyedi
101604,Thierry Notz
101612,Cedric Sundstrom
101614,Will Mackenzie
101615,Gérard Kikoïne
101616,Robert Ellis Miller
101621,Jeff Blyth
101622,Patrice Leconte
101623,John D. Hancock
101628,Howard Brookner
101631,Lee Grant
101632,Michael A. Simpson
101633,David Odell
101636,Patrick Sheane Duncan
101638,Nancy Savoca
101639,Joel Zwick
101643,Michael Fischa
101649,Jerry Zucker
101650,Kevin Costner
101651,Ron Underwood
101661,Volker Schlöndorff
101672,Frank Marshall
101680,Harry Hook
101683,John Lafia
101684,John Patrick Shanley
101685,Richard Linklater
101688,William Peter Blatty
101691,Jack Nicholson
101692,Sheldon Lettich
101695,Dennis Dugan
101698,Hendel Butoy
101699,Reginald Hudlin
101701,Tom Savini
101706,Allan Moyle
101712,Frank Henenlotter
101718,Sally Mattison
101724,Luis Mandoki
101725,Abbas Kiarostami
101726,Howard Franklin
101727,Richard Stanley
101728,James Orr
101729,Andrew Bergman
101733,Ralph S. Singleton
101741,Tom Stoppard
101742,John Harrison
101745,Whit Stillman
101746,Agnieszka Holland
101747,Jean-Paul Rappeneau
101750,Anthony Minghella
101752,Bob Hathcock
101755,Joseph Barbera
101763,Bob Logan
101765,George Armitage
101769,Peter Israelson
101770,Robert Resnikoff
101773,Yimou Zhang
101774,Martin Sheen
101775,Adam Simon
101778,Tom Ropelewski
101782,Dario Argento
101786,Jan Egleson
101788,Roger Corman
101793,Franco Amurri
101795,Richard Correll
101797,Robert Shaye
101798,Ken Loach
101800,Patrick Read Johnson
101803,James Bond III
101804,James D. Parriott
101805,Yves Robert
101807,Katt Shea
101808,John Erman
101809,Greydon Clark
101817,Gregg Champion
101826,Cynthia Scott
101833,Kristine Peterson
101836,Jon Amiel
101837,Sondra Locke
101838,Christian Vincent
101839,Haruki Kadokawa
101841,Bernt Amadeus Capra
101842,Michael Verhoeven
101843,Guy Maddin
101848,John Singleton
101850,Bryan Gordon
101851,Barry Sonnenfeld
101853,Alfonso Cuarón
101856,Gary Trousdale
101857,Jon Avnet
101862,Peter Hewitt
101867,Michael Mak
101870,William A. Graham
101874,Ate de Jong
101879,Dan Aykroyd
101887,Krzysztof Kieslowski
101888,Mario Van Peebles
101889,Daniel Petrie Jr.
101894,Marc Caro
101896,Jack Bender
101897,Rachel Talalay
101909,Brian Levant
101913,Lili Fini Zanuck
101916,Isao Takahata
101917,Sean Penn
101918,Phil Nibbelink
101922,Stephen Poliakoff
101926,Michael Tolkin
101930,David Kellogg
101939,Burt Kennedy
101940,Mark Herrier
101941,Michael Karbelnikoff
101944,Terry Hughes
101948,Peter Chelsom
101954,Jodie Foster
101956,Bobcat Goldthwait
101959,Lars von Trier
101962,Tom DiCillo
101963,Jonathan Wacks
101967,Jerry Rees
101969,Todd Haynes
101972,Gabriele Salvatores
101973,George Jackson
101977,Simon Moore
101979,József Gémes
101986,Atom Egoyan
101988,Maurice Phillips
101990,Sylvio Tabet
101993,Bill Duke
101998,Jocelyn Moorhouse
102001,James Lapine
102003,Irwin Winkler
102004,Frank De Felitta
102006,Alain Corneau
102010,Eric Red
102011,Heywood Gould
102013,Kevin Hooks
102014,Mark Joffe
102016,George Gallo
102017,Jeffrey Hornaday
102018,Julie Dash
102023,Mary Agnes Donoghue
102024,Claude Chabrol
102029,Michael Lindsay-Hogg
102032,Radha Bharadwaj
102033,Avi Nesher
102034,Michael Bortman
102035,Rodman Flender
102036,Maurice Pialat
102038,Vicente Aranda
102039,Roberto Benigni
102044,Quentin Tarantino
102059,David Fincher
102069,Penelope Spheeris
102075,Roland Emmerich
102076,Fran Rubel Kuzui
102082,Kenny Ortega
102085,Peter Jackson
102088,Brett Leonard
102090,Les Mayfield
102093,Edward James Olmos
102094,Robert Rodriguez
102099,Bill Kroyer
102103,Ernest R. Dickerson
102106,Rémy Belvaux
102107,Jon Turteltaub
102115,David Price
102118,Baz Luhrmann
102120,Sally Potter
102122,Tony Maylam
102123,Phil Roman
102125,Geoffrey Wright
102130,Manny Coto
102140,Carl Franklin
102144,Eugene Levy
102146,Stanley Tong
102148,Bruce W. Smith
102152,Alfonso Arau
102155,Randall Miller
102157,Régis Wargnier
102159,Bruce A. Evans
102164,Dale Launer
102168,Stephen Milburn Anderson
102169,Brian Henson
102170,Claude Sautet
102171,Ryû Murakami
102174,Clarence Fok
102175,Chris Menges
102179,Fernando Trueba
102180,Tom Kalin
102184,Tim Robbins
102185,Darrell Roodt
102186,Roeland Kerbosch
102187,Alexandre Rockwell
102191,Craig Bolotin
102192,Allison Anders
102193,Martin Bell
102195,Arnaud Desplechin
102197,Nicole Conn
102202,Arne Glimcher
102204,Gillies MacKinnon
102206,Barnet Kellman
102207,Ming-liang Tsai
102209,Billy Crystal
102210,Ringo Lam
102212,Gregg Araki
102214,Tamra Davis
102216,Jean-Claude Lauzon
102219,Anthony Drazan
102220,Djibril Diop Mambéty
102223,Nick Gomez
102226,Shin'ya Tsukamoto
102227,Andy Wolk
102228,Mark Frost
102229,Arthur Allan Seidelman
102230,Vincent Ward
102232,Neal Jimenez
102234,Nora Ephron
102235,Barry Primus
102236,Charlie Peters
102237,Mark Herman
102239,Colin Nutley
102241,Hark Tsui
102242,Jacques Dorfmann
102245,David Mickey Evans
102252,Robert De Niro
102258,Marco Brambilla
102271,Henry Selick
102272,Daniel Stern
102280,Albert Hughes
102283,Duwayne Dunham
102288,John Woo
102292,Dominic Sena
102300,Alan Shapiro
102301,Gene Quintano
102306,Mark Jones
102312,Brian Yuzna
102313,Steven Zaillian
102314,Adam Marcus
102319,Roger Avary
102320,Guillermo del Toro
102322,Stephen Surjik
102324,Jennifer Lynch
102330,Joseph Vilsmaier
102331,Rob Bowman
102333,George Sluizer
102340,Andrew Birkin
102343,Tom Stern
102344,Thomas Carter
102346,Fraser C. Heston
102347,Victor Nunez
102349,Mel Gibson
102350,Kaige Chen
102351,Luis Llosa
102365,Robert Klane
102366,Jean-Marie Poiré
102367,Stephen Sommers
102369,Nicholas Kazan
102373,Bruce Joel Rubin
102379,John Whitesell
102381,Mike Binder
102382,Charles Grosvenor
102389,Richard Williams
102392,Anh Hung Tran
102395,Woo-Ping Yuen
102398,Sang-ok Shin
102402,Christopher Coppola
102404,Mikael Salomon
102406,Ang Lee
102408,Patrick Hasburgh
102409,Scott McGehee
102411,Jay Craven
102412,Leon Ichaso
102419,Nanni Moretti
102420,Marshall Herskovitz
102422,Daniel Algrant
102424,Kirk Wong
102426,Michael Steinberg
102427,Michael Lessac
102428,Gurinder Chadha
102429,Sam Shepard
102430,E. Max Frye
102431,Robert Young
102433,Yves Simoneau
102435,Stephen Cornwell
102437,Rusty Cundieff
102441,Billy Weber
102442,John Madden
102443,Warren Leight
102444,Frank Darabont
102449,Roger Allers
102451,Jan de Bont
102454,Peter Farrelly
102457,Alex Proyas
102461,Tom Shadyac
102463,Steven E. de Souza
102466,Sam Weisman
102468,Kevin Smith
102469,Jonathan Prince
102473,Stephan Elliott
102476,David Carson
102482,Ben Stiller
102483,Peter Segal
102491,Kim Henkel
102496,P.J. Hogan
102498,Rupert Wainwright
102501,Lee Tamahori
102508,John Pasquin
102510,Pixote Hunt
102511,Danny Boyle
102527,Jeremy Leven
102531,James Yukich
102533,Hart Bochner
102536,Nicholas Hytner
102537,Betty Kaplan
102541,Jeff Pollack
102543,Alek Keshishian
102545,Andrew Scheinman
102546,Steven Seagal
102549,Patrice Chéreau
102551,David O. Russell
102552,Chia-Liang Liu
102554,Nancy Meckler
102556,Richard Rich
102559,Adam Rifkin
102562,Jefery Levy
102563,Doug McHenry
102571,Andrew Morahan
102572,Michele Soavi
102573,Stephen Norrington
102576,Adam Resnick
102578,Caroline Thompson
102579,Charles Haid
102585,Allan A. Goldstein
102587,Jessie Nelson
102588,Ted Demme
102590,Charles T. Kanganis
102591,Adam Bernstein
102595,John Bailey
102597,James Gray
102600,Boaz Yakin
102601,Stuart Orme
102603,Iain Softley
102608,Eric Meza
102610,Rory Kelly
102611,Michael Austin
102615,George Huang
102618,Gary Jones
102620,Tia Brelis
102622,Gérard Corbiau
102623,Antonia Bird
102626,Milcho Manchevski
102628,John Roberts
102630,Geoff Burton
102632,Matty Rich
102637,Xavier Koller
102640,Kelly Reichardt
102649,Bryan Singer
102654,Larry Clark
102655,John Lasseter
102658,Paul W.S. Anderson
102664,F. Gary Gray
102667,Scott Kalvert
102668,Michael Bay
102670,Bryan Spicer
102678,Mathieu Kassovitz
102679,Brad Silberling
102680,Beeban Kidron
102681,Steven Brill
102683,Lesli Linka Glatter
102684,Mike Gabriel
102685,Kevin Lima
102686,John N. Smith
102690,Mamoru Oshii
102694,Chris Noonan
102696,Betty Thomas
102697,Robert Longo
102702,Danny Cannon
102706,Victor Salva
102712,Gregory Widen
102714,Steve Oedekerk
102718,Holly Goldberg Sloan
102720,Joe Chappelle
102725,Andy Tennant
102728,Melanie Mayron
102729,Forest Whitaker
102730,Todd Solondz
102735,Noah Baumbach
102752,Patricia Rozema
102755,Simon Wells
102757,Andrew Sipes
102761,Kelly Makin
102763,Gary Fleder
102769,Michael Moore
102770,Christian Duguay
102774,Álex de la Iglesia
102776,Oliver Parker
102777,Kevin James Dobson
102784,James Mangold
102786,Philip Haas
102787,Peter Horton
102791,J.F. Lawton
102793,Michelangelo Antonioni
102794,Gregory Nava
102795,Edward Burns
102796,Stacy Title
102800,Tab Murphy
102801,Christopher Monger
102802,Tim Sullivan
102804,Paul Auster
102807,Christopher Ashley
102809,Daisy von Scherler Mayer
102814,Carlo Carlei
102817,Jafar Panahi
102820,Desmond Nakano
102821,Peter Hall
102823,Maria Maggenti
102824,John Fortenberry
102827,Theodoros Angelopoulos
102834,Benoît Jacquot
102835,Rick Stevenson
102836,David Frankel
102837,Marleen Gorris
102838,Clare Peploe
102842,Preston A. Whitmore II
102862,Gregory Hoblit
102867,Wes Anderson
102869,Lana Wachowski
102870,Billy Bob Thornton
102873,Tom Hanks
102875,Bobby Farrelly
102880,Jonathan Frakes
102881,Doug Liman
102885,Paris Barclay
102887,Paul Thomas Anderson
102890,Campbell Scott
102897,Stuart Baird
102898,Jason Bloom
102903,Douglas McGrath
102907,Nicolas Winding Refn
102912,David Twohy
102917,David Hogan
102923,Steve Buscemi
102925,Matthew Bright
102933,Scott Hicks
102940,Bronwen Hughes
102944,Gilbert Adler
102945,Rick Friedberg
102947,Jerry Zaks
102951,Arlene Sanford
102952,Tim Pope
102953,Julian Schnabel
102954,Jean-Claude Van Damme
102957,Lisa Krueger
102958,Hettie Macdonald
102961,Michael Winterbottom
102963,Larry Bishop
102964,Olivier Assayas
102967,Annette Haywood-Carter
102968,John Gray
102972,David R. Ellis
102973,John Payson
102978,Eric Schaeffer
102984,Greg Mottola
102986,Alexander Payne
102988,Susan Streitfeld
102989,Martin Lawrence
102990,Lynne Stopkewich
102992,Dan Ireland
102994,Michael Goldenberg
102995,Matt Reeves
102996,Farhad Mann
102998,Reb Braddock
103001,Steven Baigelman
103013,Mary Harron
103015,Larry Leker
103017,Robert Harling
103019,Jim Wilson
103020,Bill Bennett
103030,Dale Rosenbloom
103036,Matthew Broderick
103038,Alan Mehrez
103039,Doug Ellin
103042,Tom DeCerchio
103043,Bill Couturié
103048,Jay Roach
103053,Simon West
103059,Raja Gosnell
103070,Andrew Niccol
103072,Jim Gillespie
103073,Jean-Pierre Jeunet
103074,Vincenzo Natali
103081,Brian Robbins
103082,Satoshi Kon
103090,Peter Cattaneo
103091,Mark A.Z. Dippé
103092,David Mirkin
103095,Harmony Korine
103101,Jonathan Mostow
103105,Stephen Kessler
103112,John R. Leonetti
103113,Bob Spiers
103117,Mimi Leder
103119,Jill Sprecher
103120,Lance Young
103121,Gore Verbinski
103123,Alejandro Amenábar
103127,Trey Parker
103129,George Tillman Jr.
103130,Majid Majidi
103133,Anthony Waller
103138,Robert Kurtzman
103144,Brett Ratner
103147,Jeb Stuart
103151,Kasi Lemmons
103153,Kiyoshi Kurosawa
103155,Félix Enríquez Alcalá
103157,Don Roos
103159,Rob Sitch
103160,Shuki Levy
103162,Griffin Dunne
103166,Theodore Witcher
103171,David Evans
103174,Peter O'Fallon
103176,Sean Mathias
103182,Erik Skjoldbjærg
103184,Ole Bornedal
103185,Mark Pavia
103186,John Nicolella
103188,Paul Miller
103190,Ronny Yu
103191,Vondie Curtis-Hall
103193,Robert Duvall
103194,James F. Robinson
103195,Sammo Kam-Bo Hung
103199,Steve James
103200,Mark Dindal
103209,Sam Pillsbury
103210,Thomas Jahn
103211,Mark Waters
103212,Nick Cassavetes
103213,Kevin Allen
103214,Andy Cadiff
103216,Mark Pellington
103218,Bob Koherr
103219,Stephen Kay
103224,Tom Schulman
103226,William Nicholson
103230,Michael Davis
103233,Andy Wilson
103234,Neil LaBute
103235,Robert Downey Sr.
103236,Lionel C. Martin
103237,John Patrick Kelley
103246,Tony Kaye
103247,Guy Ritchie
103251,Nancy Meyers
103254,Frank Coraci
103263,Tony Bancroft
103265,Terrence Malick
103266,Gary Ross
103276,Harry Elfont
103279,Brenda Chapman
103284,Randall Wallace
103286,Thomas Vinterberg
103287,Jamie Blanks
103292,Darren Aronofsky
103301,Shekhar Kapur
103303,Mark Christopher
103305,Peter Howitt
103306,Vincent Gallo
103309,David Nutter
103311,Tom Tykwer
103315,Eric Darnell
103319,Christopher Nolan
103320,Gaspar Noé
103326,Karan Johar
103332,Lance Mungia
103333,Cédric Kahn
103334,James Merendino
103335,Antoine Fuqua
103336,Gérard Pirès
103339,Bob Saget
103344,Peter Berg
103350,François Girard
103354,Kunihiko Yuyama
103355,Hype Williams
103357,Kirk Jones
103361,Frederik Du Chau
103362,Lukas Moodysson
103364,Sarah Kernochan
103366,Pat Proft
103368,Mark Steven Johnson
103370,Skip Woods
103373,Troy Miller
103374,Jonathan Darby
103375,Kevin Rodney Sullivan
103377,John Warren
103378,Lisa Cholodenko
103380,Willard Carroll
103381,Igor Kovalyov
103382,Ice Cube
103383,Alan Cohn
103388,Walter Salles
103391,M. Night Shyamalan
103398,Chris Eyre
103400,Sean McNamara
103401,Julio Medem
103403,Dean Semler
103404,Tamara Jenkins
103406,John Pieplow
103409,Hirokazu Koreeda
103410,Steve Gomer
103411,David Veloz
103412,Steve Boyum
103414,Predrag Antonijevic
103417,Hirotsugu Kawasaki
103419,David Dobkin
103422,David Moreton
103424,Neil Abramson
103426,Paul McGuigan
103430,Larry David
103433,Nicole Garcia
103434,Rodney Gibbons
103437,Jake Kasdan
103439,Tony Cinciripini
103442,Dean Parisot
103443,Joe Gayton
103449,Paul Weitz
103451,Sam Mendes
103452,George Lucas
103453,Gil Junger
103456,Mike Judge
103458,Roger Michell
103459,Roger Kumble
103460,Daniel Myrick
103461,Sofia Coppola
103464,Rob Minkoff
103466,Troy Duffy
103468,Robert Iscove
103473,Chris Buck
103475,Spike Jonze
103476,Brad Bird
103479,Kinka Usher
103485,Mike Mitchell
103490,Michael Patrick Jann
103491,Kimberly Peirce
103494,Jamie Babbit
103496,Darren Stein
103499,Tony Goldwyn
103509,Brian Helgeland
103518,Lynne Ramsay
103522,David Koepp
103525,Kevin Williamson
103528,Josef Rusnak
103533,John Schultz
103541,Justin Kerrigan
103544,John Bruno
103545,Bruce McCulloch
103546,Malcolm D. Lee
103548,Tim Roth
103550,Julie Taymor
103552,Anne Wheeler
103553,Michael Cristofer
103555,Mic Rodgers
103557,Bruno Dumont
103565,Risa Bramon Garcia
103570,Claude Zidi
103573,Rand Ravich
103574,Tim Hill
103577,Rick Famuyiwa
103579,Jeff Franklin
103581,Gary Halvorson
103587,Michael Corrente
103589,Mark Tarlov
103590,Takao Okawara
103592,Damien O'Donnell
103593,Michael Haigney
103595,Louis Morneau
103598,Colette Burson
103603,Damon Santostefano
103604,Martha Fiennes
103605,Hiroyuki Okiura
103607,Chris Roberts
103611,Peter Ho-Sun Chan
103612,Gary Sinyor
103613,Michael Rymer
103615,Antonio Banderas
103617,Rolf Schübel
103618,Scott Silver
103619,Mike Barker
103621,Peter Kassovitz
103623,Jake Scott
103628,Jean-Pierre Dardenne
103629,Jim Fall
103630,Shane Meadows
103631,Frédéric Fonteyne
103633,Max Färberböck
103635,Scott Elliott
103636,Hampton Fancher
103637,Lloyd Kaufman
103640,Alison Maclean
103641,Mark Illsley
103643,Frank Whaley
103654,David McNally
103660,McG
103661,Todd Phillips
103663,Peyton Reed
103668,Peter Lord
103669,Tarsem Singh
103670,James Wong
103672,Jonathan Glazer
103678,Danny Leiner
103682,John Fawcett
103690,Stephen Daldry
103691,Alejandro G. Iñárritu
103695,Bibo Bergeron
103696,Asia Argento
103697,Eric Leighton
103705,Steve Carr
103708,Ben Younger
103709,Matt Williams
103713,Gina Prince-Bythewood
103714,Tom Dey
103720,Virginie Despentes
103722,Patrick Lussier
103724,Antony Hoffman
103725,Courtney Solomon
103732,Chris Koch
103733,Joe Charbanic
103735,Andrzej Bartkowiak
103738,Andrew Dominik
103739,Edward Norton
103742,Joe Berlinger
103745,Kenneth Lonergan
103748,Diane Keaton
103753,Kris Isacsson
103754,Christopher McQuarrie
103755,Des McAnuff
103761,E. Elias Merhige
103762,Britt Allcroft
103764,Bonnie Hunt
103766,David Raynr
103767,Miguel Arteta
103768,Joan Chen
103769,Ed Harris
103772,Vic Sarin
103773,Valerie Breiman
103774,Robert Lee King
103776,Nigel Cole
103777,Michael Almereyda
103778,Kim Ki-duk
103779,François Ozon
103780,Joel Hershman
103781,Douglas Aarniokoski
103784,John Ottman
103785,Fina Torres
103787,Jack Fletcher
103788,Béla Tarr
103790,Rod Lurie
103791,Fabián Bielinsky
103792,Greg Berlanti
103794,Karyn Kusama
103795,Bill Eagles
103796,Davis Guggenheim
103798,Jay Russell
103800,João Pedro Rodrigues
103801,Kamal Haasan
103809,Stig Bergqvist
103810,Michael Haneke
103811,Denis Villeneuve
103813,Gérard Krawczyk
103815,Roy Andersson
103817,Silvio Soldini
103819,Dominic Anciano
103822,Sally Field
103823,Mark Piznarski
103825,Jun Falkenstein
103831,Craig Mazin
103833,Janusz Kaminski
103836,Rakesh Roshan
103837,Del Shores
103838,Samantha Lang
103839,Ye Lou
103841,Chuck Parello
103842,Eric Blakeney
103843,Thomas Bezucha
103847,Robert Luketic
103849,Pete Docter
103851,Richard Kelly
103852,Joel Gallen
103855,Andrew Adamson
103864,Terry Zwigoff
103865,Jay Chandrasekhar
103872,Steve Beck
103875,Dennie Gordon
103878,Michael Tollin
103879,David Wain
103891,Marc Forster
103893,John Moore
103896,Sharon Maguire
103902,J.B. Rogers
103903,Bill Paxton
103909,Luke Greenfield
103910,Jesse Dylan
103912,Demian Lichtenstein
103921,Christophe Gans
103930,Daniel Sackheim
103931,Adam Shankman
103933,Brad Anderson
103934,Brendan Malloy
103935,John Cameron Mitchell
103938,Tom Green
103945,Takashi Miike
103946,Gregory Poirier
103949,Todd Field
103950,Louis C.K.
103952,Blair Hayes
103955,Stephen Chow
103956,John A. Davis
103958,Tommy O'Haver
103960,Éva Gárdos
103962,Jordan Melamed
103963,Ashutosh Gowariker
103966,Hironobu Sakaguchi
103968,Léa Pool
103969,Francine McDougall
103970,Lawrence Guterman
103973,Chris Nahon
103975,Henry Bean
103976,Farhan Akhtar
103978,Barry Skolnick
103980,Oliver Hirschbiegel
103985,Richard Eyre
103986,Caroline Link
103987,John Stockwell
103989,Danis Tanovic
103991,Gregor Jordan
103992,Alan Cumming
103993,Paddy Breathnach
103995,Tim Blake Nelson
103996,Jez Butterworth
103997,Michel Gondry
103998,Jon Favreau
103999,Harald Zwart
104010,Charles Herman-Wurmfeld
104013,Brian Koppelman
104016,Michael Cuesta
104017,DJ Pooh
104024,Chris Weitz
104027,Mark Brown
104030,Rintaro
104031,Billy Morrissette
104032,Maria Ripoll
104034,Nicole Holofcener
104035,Lucrecia Martel
104036,Rob Pritts
104037,Jacques Audiard
104038,Chuck Sheetz
104039,Mitch Davis
104041,David Atkins
104054,Fernando Meirelles
104060,Steven Shainberg
104070,Tom Brady
104073,Chris Wedge
104077,Dean DeBlois
104078,Rob Marshall
104085,Kurt Wimmer
104091,Louis Leterrier
104094,Walt Becker
104096,Kelly Asbury
104101,George Clooney
104105,Ellory Elkayem
104110,Mark Romanek
104111,Eli Roth
104112,Jean-Claude Brisseau
104113,Ed Decter
104116,Sanjay Leela Bhansali
104120,Andrew Lau
104126,Denzel Washington
104128,Jonas Åkerlund
104129,Park Chan-Wook
104132,Marc Lawrence
104135,Justin Lin
104136,Shawn Levy
104138,Perry Andelin Blake
104139,Charles Stone III
104142,Marcus Raboy
104147,John Lee Hancock
104150,Alain Chabat
104152,Lucky McKee
104154,Jesse Vaughan
104155,Callie Khouri
104158,Kevin Donovan
104159,John Polson
104165,Burr Steers
104169,Peter Kosminsky
104179,D.J. Caruso
104180,Takashi Shimizu
104181,Tim Story
104182,Niki Caro
104185,Joe Carnahan
104188,David Jacobson
104189,Mort Nathan
104190,Peter Mullan
104197,Michael Lembeck
104199,Dewey Nicks
104200,Wallace Wolodarsky
104201,Peter Hastings
104202,Kevin Bray
104203,Stephen Gaghan
104205,Cédric Klapisch
104207,Anthony Abrams
104208,Robin Budd
104209,Aleksandr Sokurov
104210,Mars Callahan
104214,Jaume Balagueró
104216,Bob Dolman
104218,Cathy Malkasian
104220,Paul Greengrass
104221,Seth Kearsley
104224,Don Michael Paul
104227,Susanne Bier
104230,Wych Kaosayananda
104237,Patricia Cardoso
104238,John Stainton
104242,Austin Chick
104243,Nicolas Cage
104249,Richard Curtis
104252,Len Wiseman
104259,Bong Joon Ho
104260,Andrew Stanton
104263,Catherine Hardwicke
104264,Rob Schmidt
104268,Patty Jenkins
104273,Tommy Wiseau
104274,Marcus Nispel
104275,Clark Johnson
104281,Rob Zombie
104288,Tim McCanlies
104305,Chris Kentis
104307,Peter Webber
104308,Bo Welch
104309,Aaron Blaise
104318,Audrey Wells
104322,Alexandre Aja
104325,Jonathan Liebesman
104339,Bille Woodruff
104340,James Cox
104342,Patrick Gilmore
104343,Uwe Boll
104345,Vadim Perelman
104347,Tom McCarthy
104348,Wolfgang Becker
104351,Casey La Scala
104354,Prachya Pinkaew
104356,Billy Ray
104358,Wayne Kramer
104364,Nikkhil Advani
104365,Bruno Barreto
104368,Andrey Zvyagintsev
104372,David Mackenzie
104374,Mikael Håfström
104376,Sylvain Chomet
104377,Je-yong Lee
104382,David Hillenbrand
104384,Stephen Fry
104385,Yann Samuell
104386,Paul Hunter
104388,Reggie Rock Bythewood
104389,Anders Thomas Jensen
104390,Gordon Chan
104391,Shari Springer Berman
104393,Fenton Bailey
104395,Glen Morgan
104396,Troy Byer
104397,Marco Tullio Giordana
104400,C. Jay Cox
104403,Linda Mendoza
104406,Tim Fywell
104407,Todd Graff
104408,Steve Trenbirth
104411,John Crowley
104412,David Gordon Green
104414,Richard Kwietniowski
104415,Chris Rock
104417,Peter Hedges
104421,Anne Fontaine
104425,Damian Nieman
104427,Christine Jeffs
104428,John Eng
104431,Andrew Black
104432,Ryan Little
104435,Isabel Coixet
104438,John Hoffman
104439,Matthew Ryan Hoge
104440,Clare Kilner
104442,Larry Charles
104443,Nimród Antal
104445,Jeff Schaffer
104446,Rawson Marshall Thurber
104457,James Wan
104461,Jonathan Hensleigh
104466,Edgar Wright
104468,Pawel Pawlikowski
104469,Eric Bress
104471,Matthew Vaughn
104472,Jared Hess
104476,Gary Winick
104478,Paul Haggis
104480,Zack Snyder
104482,Alexander Witt
104484,Adam McKay
104499,David S. Goyer
104508,Shane Carruth
104510,John Hamburg
104511,Cate Shortland
104512,Stephen Hillenburg
104514,Ethan Coen
104515,Terry George
104519,Zach Braff
104522,Pitof
104523,Don Mancini
104525,Joseph Kahn
104532,Joe Nussbaum
104539,Gavin O'Connor
104549,Sara Sugarman
104552,Kerry Conran
104553,Omar Naim
104557,Pierre Morel
104563,Brian Dannelly
104569,Shainee Gabel
104573,Jacob Estes
104574,Guy Ferland
104575,Angela Robinson
104580,Jessy Terrero
104591,Tod Williams
104597,Anurag Kashyap
104598,Christopher Erskin
104599,Christophe Barratier
104600,Nicole Kassell
104601,Fruit Chan
104603,Will Finn
104606,Timur Bekmambetov
104609,Laurence Dunmore
104610,Christophe Honoré
104611,Chris Stokes
104613,Kevin Spacey
104614,Charles Dance
104615,Michael Clancy
104616,Dennis Gansel
104617,Alice Wu
104619,Yash Chopra
104620,Nick Hurran
104624,Joshua Marston
104627,Michael Dowse
104628,Bart Freundlich
104630,Farah Khan
104631,Je-kyu Kang
104632,Ziad Doueiri
104635,Masaaki Yuasa
104636,Kay Pollak
104638,Sanjay Gadhvi
104641,Robert C. Ramirez
104642,Marco Kreuzpaintner
104645,Judd Apatow
104647,Joe Wright
104649,Neil Marshall
104651,Frank Miller
104653,James McTeigue
104658,Francis Lawrence
104661,Garth Jennings
104663,Lexi Alexander
104664,Joss Whedon
104667,Rob McKittrick
104671,Jean-François Richet
104673,David Slade
104677,Jaume Collet-Serra
104684,Shane Black
104690,Dave McKean
104695,Darren Lynn Bousman
104697,Robert Schwentke
104703,Andrew Douglas
104710,Breck Eisner
104715,Rian Johnson
104716,Greg McLean
104718,Scott Derrickson
104726,Susan Stroman
104727,Barry W. Blaustein
104729,Bruce Hunt
104733,Ol Parker
104736,Bennett Miller
104745,Hideo Nakata
104746,Hunter Richards
104747,Mike Bigelow
104748,David Ayer
104749,Darren Grant
104751,Steve Box
104753,John Maybury
104755,Jason Reitman
104761,Julian Jarrold
104766,John Turturro
104769,Florent-Emilio Siri
104774,Cory Edwards
104777,Tommy Lee Jones
104778,John Gulager
104785,Jeff Wadlow
104786,John Hillcoat
104789,Craig Brewer
104790,Richard Shepard
104797,Rebecca Miller
104807,Geoffrey Sax
104815,Niall Johnson
104821,Miranda July
104822,Duncan Tucker
104823,Andy Garcia
104826,Arie Posin
104828,Gary Chapman
104831,Phil Morrison
104833,Carlos Reygadas
104834,Mark Levin
104835,John Gatins
104837,Bent Hamer
104838,Sturla Gunnarsson
104839,Christian Carion
104840,John Asher
104841,Liev Schreiber
104842,Mike Mills
104856,Andy Fickman
104860,Gabriele Muccino
104861,Jonathan Dayton
104862,Kevin Macdonald
104864,Florian Henckel von Donnersmarck
104866,J.J. Abrams
104870,Steve Pink
104872,James Gunn
104888,Sean Ellis
104890,Nicholaus Goossen
104892,Liam Lynch
104894,Jessica Bendinger
104895,Anne Fletcher
104900,Mark Neveldine
104901,Neil Burger
104902,Tim Johnson
104906,Elizabeth Allen Rosenbaum
104912,Stefen Fangmeier
104923,Gil Kenan
104926,Greg Coolidge
104930,David Bowers
104932,Werner Herzog
104937,Susannah Grant
104939,Guillaume Canet
104951,Alejandro Agresti
104955,Neil Armfield
104958,Mark Palansky
104959,Carlos Saldanha
104961,William Brent Bell
104967,David Von Ancken
104968,Ericson Core
104971,Adam Green
104974,Tyler Perry
104975,John Bonito
104976,John Curran
104977,Bob Odenkirk
104979,George Hickenlooper
104980,Doug Atchison
104982,Michael O. Sajbel
104988,Joachim Trier
104989,Aaron Seltzer
104992,Anthony Russo
104993,Matthew O'Callaghan
104994,Gorô Miyazaki
104995,Michael Mayer
104997,James Gartner
104999,Goran Dukic
105000,Gregory Dark
105004,Allen Coulter
105005,Michel Hazanavicius
105006,Chris Robinson
105009,Scott Glosserman
105011,Ryan Fleck
105012,Steve 'Spaz' Williams
105014,Jonathan King
105015,Liz Friedlander
105019,Rakeysh Omprakash Mehra
105024,Jim Sonzero
105026,Jody Hill
105027,Michael Polish
105028,Tom Vaughan
105029,Nick Guthe
105030,Todd Robinson
105031,Dito Montiel
105032,Colin Brady
105033,Christopher Smith
105034,Katherine Brooks
105040,Nicholas Mastandrea
105042,Wil Shriner
105047,Ben Affleck
105052,David Yates
105065,Juan Carlos Fresnadillo
105066,Xavier Gens
105074,Akiva Schaffer
105076,Gabor Csupo
105089,Josh Gordon
105090,Ash Brannon
105093,Joby Harold
105095,Simon J. Smith
105097,Colin Strause
105098,Chris Miller
105102,Mark Helfrich
105107,David Ross
105108,Nacho Vigalondo
105109,Jason Friedberg
105110,Stephen J. Anderson
105111,Tony Gilroy
105115,Oren Peli
105116,Richard LaGravenese
105123,Craig Gillespie
105124,J.A. Bayona
105128,Mennan Yapo
105129,David Silverman
105130,Mitchell Lichtenstein
105135,Aamir Khan
105136,Steve Bendelack
105138,Scott Wiper
105140,Kirsten Sheridan
105144,Robert Ben Garant
105149,Anton Corbijn
105150,Scott Frank
105154,Olivier Dahan
105155,John Carney
105156,Philip G. Atwell
105159,Adrienne Shelly
105160,David L. Cunningham
105162,Kevin Munroe
105163,Martin Weisz
105164,Jonah Markowitz
105165,Dave Meyers
105181,José Padilha
105185,Danny Pang
105186,Céline Sciamma
105191,Franck Khalfoun
105196,Vincent Paronnaud
105199,John August
105200,Chris Sivertson
105201,Zach Helm
105202,Sebastian Gutierrez
105203,Thor Freudenthal
105205,Cristian Mungiu
105207,Daniel Waters
105210,Jon Poll
105213,Doug Lefler
105215,Masayuki
105216,Sergei Bodrov
105217,Taika Waititi
105218,Alan Ball
105220,Stefan Ruzowitzky
105221,Jeff Nichols
105223,Jonathan Kasdan
105224,George Ratliff
105225,Imtiaz Ali
105226,Gavin Hood
105230,Michael Katleman
105233,Bernie Goldmann
105234,Sylvain White
105235,Deborah Kampmeier
105238,J.P. Schaefer
105239,Robin Swicord
105248,Mark Osborne
105252,Phyllida Lloyd
105253,Bryan Bertino
105262,Nicholas Stoller
105265,Martin McDonagh
105266,Michael Patrick King
105268,Fred Wolf
105271,Saul Dibb
105275,James Watkins
105281,Carter Smith
105282,Justin Chadwick
105287,Eric Brevig
105288,Ric Roman Waugh
105289,Byron Howard
105290,Sean Anders
105297,Tomas Alfredson
105300,Nick Moore
105318,Charlie Kaufman
105322,Peter Sollett
105333,Jon M. Chu
105334,Kent Alterman
105336,Howard McCain
105337,David Hackl
105338,Bharat Nalluri
105339,Steve McQueen
105340,Jimmy Hayward
105341,Diane English
105342,Clark Gregg
105346,Ryûhei Kitamura
105353,Pete Travis
105355,Tom Putnam
105359,Robert B. Weide
105360,Olivier Megaton
105361,Nelson McCormick
105367,Dave Filoni
105369,Jon Hurwitz
105370,Michael McCullers
105371,Jennifer Flackett
105373,John Erick Dowdle
105375,George C. Wolfe
105376,Seth Gordon
105377,Sanaa Hamri
105382,Shamim Sarif
105385,Matteo Garrone
105391,Jee-woon Kim
105392,Rodrigo García
105393,Masayuki Ochiai
105394,Marcel Langenegger
105395,A.R. Murugadoss
105396,Olly Blackburn
105397,David Moreau
105398,Marco Schnabel
105400,Chris Carter
105401,Frédéric Forestier
105404,Eric Valette
105407,Alex Kendrick
105408,Jeffrey Nachmanoff
105412,Darnell Martin
105413,Bruce McDonald
105416,Ari Folman
105418,Yôjirô Takita
105420,Guillermo Arriaga
105422,Sam Fell
105424,Marc Schölermann
105425,Marcos Siega
105432,Mabrouk El Mechri
105434,Tony Leondis
105435,Jonathan Levine
105438,Courtney Hunt
105439,S.R. Bindler
105440,Joel Hopkins
105457,Ruben Fleischer
105458,Marc Webb
105460,Neill Blomkamp
105467,Rajkumar Hirani
105468,Kyle Newman
105477,Duncan Jones
105480,Tom Six
105483,Jaco Van Dormael
105487,Will Gluck
105488,Yorgos Lanthimos
105491,Drew Barrymore
105492,Juan José Campanella
105493,Christian Alvart
105494,Rob Letterman
105495,Patrick Tatopoulos
105496,Peter Billingsley
105499,Dennis Iliadis
105500,Niels Arden Oplev
105503,Stewart Hendler
105509,Lee Daniels
105511,Phil Lord
105516,Ricky Gervais
105517,Olatunde Osunsanmi
105520,Marcus Dunstan
105522,Grant Heslov
105524,Tom Ford
105525,Philippe Diaz
105536,Derrick Borte
105537,Michael Spierig
105538,Lone Scherfig
105539,Scott Cooper
105543,Charles Guard
105548,Shane Acker
105549,Jean-Marc Vallée
105557,Kevin Greutert
105558,Andrea Arnold
105560,Agnieszka Wojtowicz-Vosloo
105562,Steve Shill
105571,Cheryl Hines
105572,Phil Traill
105574,Sam Taylor-Johnson
105576,Daniel Alfredson
105578,Peter Cornwell
105579,Glenn Ficarra
105581,Scott Sanders
105583,Armando Iannucci
105588,Asghar Farhadi
105592,Kevin Tancharoen
105593,Luca Guadagnino
105594,Ti West
105597,David Pastor
105599,Hoyt Yeatman
105602,Brandon Camp
105607,Daniel Barber
105611,John Hindman
105612,Jorge Blanco
105616,Cary Joji Fukunaga
105617,Raymond De Felitta
105619,Tommy Wirkola
105620,Mamoru Hosoda
105621,Oren Moverman
105622,Rick Jacobson
105627,Kieran Mulroney
105628,Tomm Moore
105629,J Blakeson
105630,Neal Brennan
105631,Zach Cregger
105635,Michel Franco
105638,Tom Hooper
105641,Francesca Gregorini
105642,Jordan Scott
105649,Jim Field Smith
105657,Gareth Edwards
105659,Nathan Greno
105661,Steven R. Monroe
105667,Steve Antin
105669,Pierre Coffin
105677,Derek Cianfrance
105683,Joseph Kosinski
105686,Lee Unkrich
105691,Ethan Maniquis
105693,Tom McGrath
105697,Ryan Murphy
105700,David Michôd
105706,Rodrigo Cortés
105707,Scott Stewart
105712,Debra Granik
105713,Samuel Bayer
105715,John Luessenhop
105719,Eli Craig
105725,Anna Boden
105734,Anand Tucker
105735,Christopher Morris
105737,Floria Sigismondi
105739,Jorma Taccone
105741,Panos Cosmatos
105744,Apichatpong Weerasethakul
105746,Jeong-beom Lee
105748,André Øvredal
105755,Hiromasa Yonebayashi
105757,Richard Ayoade
105766,Julie Anne Robinson
105768,Quentin Dupieux
105774,Susanna White
105775,Andrew Jarecki
105778,Nanette Burstein
105781,Wilson Yip
105785,Miguel Sapochnik
105787,Casey Affleck
105788,Larysa Kondracki
105791,Sang-soo Im
105797,David Schwimmer
105799,Massy Tadjedin
105800,John Wells
105801,Jay Duplass
105808,Daniel Stamm
105809,Abe Sylvia
105810,William Monahan
105812,Baran bo Odar
105813,Alan Poul
105814,Dallas Jenkins
105815,Vikramaditya Motwane
105816,Troy Nixey
105817,Shana Feste
105820,Daniel Espinosa
105821,Jim Mickle
105823,Richard J. Lewis
105828,Malcolm Venville
105832,Gilles Paquet-Brenner
105833,Sngmoo Lee
105836,Spencer Susser
105838,Nick Tomnay
105841,Mitch Glazer
105843,Dan Rush
105848,Paul Feig
105854,Olivier Nakache
105857,Drew Goddard
105858,Tate Taylor
105864,Jennifer Yuh Nelson
105894,Julia Leigh
105898,Rupert Wyatt
105900,Brad Furman
105906,George Nolfi
105907,Jamie Linden
105915,Gareth Evans
105916,J.C. Chandor
105917,Sean Durkin
105922,Chris Gorak
105923,Steven Quale
105926,Adam Wingard
105927,Zoya Akhtar
105928,Daniel Nettheim
105929,Matthijs van Heijningen Jr.
105943,Gary McKendry
105949,James Bobin
105957,Justin Kurzel
105962,Ben Palmer
105965,Ben Wheatley
105967,Joe Cornish
105968,John Michael McDonagh
105971,Mike Cahill
105973,Drake Doremus
105974,Mark Mylod
105978,Daniel Barnz
105979,Gavin Wiesen
105980,Simon Curtis
105981,Paolo Sorrentino
105987,Jason Eisener
105993,Christian E. Christiansen
105998,Zal Batmanglij
105999,Madonna
106003,Bertrand Bonello
106004,Jesse Peretz
106005,Andrew Haigh
106007,Alister Grierson
106009,Morten Tyldum
106017,Lynn Shelton
106019,Ami Canaan Mann
106020,Sarah Polley
106021,Alex Gregory
106022,Stéphane Rybojad
106025,Gonzalo López-Gallego
106028,Paul Johansson
106029,Ralph Fiennes
106030,Malgorzata Szumowska
106031,Gaby Dellal
106033,Tanya Wexler
106040,Paddy Considine
106041,Nuri Bilge Ceylan
106049,Jason Moore
106061,Stephen Chbosky
106065,Rupert Sanders
106071,Seth MacFarlane
106076,Mark Andrews
106083,Genndy Tartakovsky
106086,Måns Mårlind
106089,Lorene Scafaria
106093,Rich Moore
106095,Nima Nourizadeh
106103,Brad Peyton
106109,Colin Trevorrow
106110,Josh Trank
106111,Dan Bradley
106115,Chris Renaud
106116,Asger Leth
106119,Peter Ramsey
106120,Ariel Vromen
106126,Mark Tonderai
106127,Ben Lewin
106131,Michael Sucsy
106133,Craig Zobel
106136,David Palmer
106137,Mike McCoy
106141,Lisa Azuelos
106142,Heitor Dhalia
106144,Steve Martino
106148,Stephen Elliott
106149,Sacha Gervasi
106151,Scott Speer
106153,Josh Boone
106156,M.J. Bassett
106158,Ramaa Mosley
106162,Robert Lorenz
106167,Lee Kirk
106168,Chris Butler
106169,Baltasar Kormákur
106171,Nicholas Jarecki
106172,RZA
106176,Nikolaj Arcel
106178,Fisher Stevens
106181,Brian Klugman
106182,Felix van Groeningen
106183,Stuart Blumberg
106184,Sean Baker
106186,John Hyams
106188,Benh Zeitlin
106189,Anthony Hemingway
106192,Todd Lincoln
106194,James Mather
106197,Leslye Headland
106199,Sujoy Ghosh
106202,Josh Radnor
106204,Joachim Rønning
106205,Henry Joost
106206,Dustin Hoffman
106207,Matt Ross
106209,Juan Solanas
106213,David Chase
106214,Henry Alex Rubin
106217,Bradley Parker
106218,Lee Toland Krieger
106219,Reema Kagti
106221,Alex Kurtzman
106223,Petter Næss
106224,Nick Love
106226,Anurag Basu
106227,Declan Donnellan
106228,Paul Andrew Williams
106231,Cal Brunker
106235,Jamie Travis
106239,Homi Adajania
106240,Josh Schwartz
106243,Jake Schreier
106248,Alan Taylor
106249,James DeMonaco
106257,Abdellatif Kechiche
106268,Dan Scanlon
106269,Joseph Gordon-Levitt
106284,Kirk DeMicco
106285,Evan Goldberg
106286,Nat Faxon
106291,Fede Alvarez
106300,James Ward Byrkit
106306,Andy Muschietti
106313,Carl Rinsch
106323,Steven Knight
106327,Mike Flanagan
106328,Aharon Keshales
106335,Maggie Carey
106339,David Soren
106347,Amma Asante
106356,James Ponsoldt
106360,Jon S. Baird
106361,Don McKellar
106363,Destin Daniel Cretton
106365,Brian Percival
106367,Rob Epstein
106371,Daniel Schechter
106374,Ken Scott
106375,Joey Soloway
106377,Klay Hall
106378,Cody Cameron
106380,Jeremy Saulnier
106384,Jordan Vogt-Roberts
106388,Allen Hughes
106391,Jorge Dorado
106395,Don Scardino
106396,Jerusha Hess
106397,Justin Zackham
106398,John Krokidas
106402,Ryan Coogler
106403,Gia Coppola
106404,Jeff Tremaine
106407,Joshua Michael Stern
106408,Sebastián Cordero
106410,Dan Mazer
106412,Jon Lucas
106416,Michael Tiddes
106419,Ayan Mukherjee
106422,Peter Landesman
106424,Charlie Stratton
106429,Joe Lynch
106435,Jason Bateman
106436,Lake Bell
106437,David Lowery
106438,Keanu Reeves
106440,Ritesh Batra
106441,Park Hoon-jung
106442,Fredrik Bond
106446,Chad Stahelski
106451,Damien Chazelle
106453,Alex Garland
106455,Dan Gilroy
106458,Wes Ball
106461,Jemaine Clement
106468,David Robert Mitchell
106475,Noam Murro
106477,Christian Ditter
106478,Don Hall
106480,Robert Stromberg
106482,Angelina Jolie
106483,Christopher Miller
106491,James Marsh
106492,Patrick Hughes
106494,Michaël R. Roskam
106498,Jennifer Kent
106501,Damián Szifron
106510,Camille Delamarre
106513,Leigh Janiak
106515,Chris Evans
106519,Scott Waugh
106525,Paul King
106533,Xavier Dolan
106534,James Kent
106535,Jonathan Milott
106536,Jorge R. Gutiérrez
106537,Severin Fiala
106539,Gary Shore
106540,Levan Gabriadze
106542,Wally Pfister
106544,Courteney Cox
106545,Rowan Joffe
106546,Philippe Falardeau
106551,Kriv Stenders
106553,Tom Gormican
106560,Alan Rickman
106561,Erik Van Looy
106563,Jon Watts
106564,William Eubank
106568,R.J. Cutler
106570,Yann Demange
106571,Richard Glatzer
106573,Justin Benson
106574,Bill Pohlad
106577,Russell Crowe
106578,Ava DuVernay
106579,Rob Thomas
106581,Charlie McDowell
106589,Stuart Beattie
106591,Max Nichols
106592,Julius Avery
106594,Vic Armstrong
106596,Theodore Melfi
106599,Trish Sie
106600,Kristian Levring
106601,Harold Cronk
106602,Akiva Goldsman
106603,James Simone
106605,Ben Falcone
106606,Jalmari Helander
106607,Pascal Chaumeil
106609,Ruben Östlund
106611,Ryan Gosling
106615,John Pogue
106616,Jordan Rubin
106618,Sam Miller
106621,Peter Strickland
106622,Richard Laxton
106624,Lenny Abrahamson
106626,Sarah Gavron
106627,Stiles White
106632,Justin Simien
106635,Benny Safdie
106637,Roberts Gannaway
106639,Ramin Bahrani
106642,Adriana Trigiani
106652,Robert Eggers
106672,Bryan Buckley
106681,John Francis Daley
106688,Marc Abraham
106689,Kyle Balda
106690,Elizabeth Banks
106704,Sanyuan Peng
106708,Peter Sohn
106711,Joel Edgerton
106713,Etan Cohen
106714,Aleksander Bach
106717,Christopher Landon
106718,Ilya Naishuller
106731,Paco Cabezas
106732,Gregory Jacobs
106733,Ari Sandel
106737,Kyle Patrick Alvarez
106740,Leigh Whannell
106743,S.S. Rajamouli
106745,Jeremy Garelick
106752,Paul Tibbitt
106754,Roar Uthaug
106755,Hannes Holm
106757,Alfonso Gomez-Rejon
106760,Marielle Heller
106761,Deniz Gamze Ergüven
106765,Ciarán Foy
106766,Catherine Corsini
106767,Duke Johnson
106768,Oz Perkins
106770,Nishikant Kamat
106771,Shinji Higuchi
106773,Dexter Fletcher
106776,Sean Mewshaw
106779,Max Joseph
106785,Brett Haley
106786,Henry Hobson
106787,Dean Israelite
106789,Rupert Goold
106790,Matt Brown
106795,Martin Zandvliet
106797,Michael Dougherty
106798,Kabir Khan
106799,Agnieszka Smoczynska
106806,Gary Rydstrom
106811,David Gelb
106813,Patricia Riggen
106816,Travis Cluff
106817,David Farr
106820,Paul Gross
106821,John Maclean
106824,Simon Stone
106831,François Simard
106832,Patrick Brice
106833,Michael Showalter
106835,Dan Fogelman
106836,László Nemes
106838,Sang-hoon Ahn
106842,Daniel Lee
106849,Tim Miller
106852,Thea Sharrock
106854,William Oldroyd
106865,Cedric Nicolas-Troyan
106872,Makoto Shinkai
106873,Alessandro Carloni
106876,Julia Ducournau
106879,Sang-ho Yeon
106882,Anna Foerster
106885,Greg Tiernan
106892,Barry Jenkins
106907,Dan Trachtenberg
106910,Garth Davis
106911,David F. Sandberg
106912,Deon Taylor
106918,Nitesh Tiwari
106919,Ana Lily Amirpour
106922,Ross Katz
106924,Luke Scott
106927,Kelly Fremon Craig
106929,Babak Najafi
106936,Dan Kwan
106938,Jake Szymanski
106945,Mike Thurmeier
106948,Michael Grandage
106951,Ivan Sen
106954,Dave Green
106955,Elizabeth Wood
106959,David L. Hunt
106960,Anna Biller
106965,Clay Kaytis
106971,Hideaki Anno
106976,Jeremy Gillespie
106977,David Leveaux
106981,Pablo Larraín
106985,Peter Atencio
106986,Andrew Neel
106990,Travis Knight
106999,Chris Peckover
107001,Sam Liu
107003,Amat Escalante
107007,Jason Zada
107010,John Krasinski
107012,Maren Ade
107023,Radhika Rao
107024,Carles Torrens
107025,Takeshi Nozue
107027,Jonathan Jakubowicz
107030,Susan Johnson
107032,Aniruddha Roy Chowdhury
107033,Babak Anvari
107038,Ewan McGregor
107039,Sarah Adina Smith
107041,Simon Aboud
107051,Michael Gracey
107055,Hallie Meyers-Shyer
107057,Jordan Peele
107071,Sebastián Lelio
107079,David Leitch
107080,Taylor Sheridan
107083,Greta Gerwig
107092,Aaron Sorkin
107109,Dean Devlin
107111,Brian Fee
107112,Lucia Aniello
107115,Dax Shepard
107120,Chris McKay
107121,Michael Noer
107124,Cory Finley
107126,Coralie Fargeat
107129,James Franco
107130,Johannes Roberts
107132,Stella Meghie
107134,Jamie M. Dagg
107136,John Carroll Lynch
107139,Björn Runge
107140,Trey Edward Shults
107144,Ry Russo-Young
107147,Matt Spicer
107148,Denise Di Novi
107151,Dorota Kobiela
107154,Hany Abu-Assad
107159,Francis Lee
107161,Janus Metz
107165,Kogonada
107166,Jeff Baena
107167,Stuart Hazeldine
107170,F. Javier Gutiérrez
107173,Chloé Zhao
107175,Charlie Bean
107176,Marc Meyers
107177,Andrew Jay Cohen
107178,Sergio G. Sánchez
107180,Max Winkler
107184,Gabriela Cowperthwaite
107185,Benny Boom
107193,Andy Serkis
107195,Hun Jang
107196,Mike White
107197,Ash Avildsen
107199,Justin Chon
107201,Fatih Akin
107205,Richie Keen
107207,Ken Marino
107208,Paolo Virzì
107209,Michael Carney
107210,Jayson Thiessen
107212,Jeffrey Blitz
107213,Lawrence Sher
107214,Luis Prieto
107216,Jeremy Dyson
107217,Jonathan Teplitzky
107218,Eliza Hittman
107220,Haifaa Al-Mansour
107226,Kevin Phillips
107231,Robin Campillo
107233,Shin-yeon Won
107234,Pat Healy
107236,Dominic Cooke
107237,Simon Baker
107238,Byung-gil Jung
107243,Yong-hwa Kim
107249,Ari Aster
107253,Bob Persichetti
107265,Christian Gudegast
107268,Bradley Cooper
107273,Bo Burnham
107279,Stefano Sollima
107283,Gerard McMurray
107285,Claire McCarthy
107286,Corin Hardy
107293,Jeff Tomsic
107298,Donovan Marsh
107300,Duncan Skiles
107301,Otto Bathurst
107303,Nadine Labaki
107313,Nicolai Fuglsig
107314,Susanna Fogel
107316,Josie Rourke
107317,Phil Johnston
107321,Christian Rivers
107324,Steven Caple Jr.
107327,Jonah Hill
107330,Chang-dong Lee
107331,Aneesh Chaganty
107333,Kay Cannon
107340,Carlos López Estrada
107344,Abby Kohn
107345,Drew Pearce
107349,Bill Holderman
107350,Crispian Mills
107351,Boots Riley
107352,Steven S. DeKnight
107359,Rob Greenberg
107361,Joe Penna
107363,Mathew Cullen
107364,Sriram Raghavan
107365,Anthony Maras
107367,Bart Layton
107370,Kevin Connolly
107373,Stacie Passon
107374,Desiree Akhavan
107375,Adam Robitel
107381,David Kerr
107383,Paul Dano
107385,Bethany Ashton Wolf
107387,Shin'ichirô Ushijima
107392,Ali Abbasi
107393,Nash Edgerton
107394,Sam Levinson
107395,Stephen Susco
107402,Karey Kirkpatrick
107403,Gregory Plotkin
107404,Matthew Heineman
107407,Tom Harper
107408,Diederik Van Rooijen
107410,Carol Morley
107411,Yarrow Cheney
107412,Wash Westmoreland
107415,Tim Kirkby
107417,Gustav Möller
107419,Brady Corbet
107420,Emma Tammi
107422,Becca Gleason
107426,Blake Harris
107429,Director X.
107430,Nick Park
107431,Andrew Erwin
107432,Kim Nguyen
107433,Tatsuya Nagamine
107435,Jonathan Baker
107436,Pella Kagerman
107437,Pernille Fischer Christensen
107439,John Andreas Andersen
107442,Kenji Nagasaki
107443,Perry Lang
107447,Stephen Merchant
107458,Jenny Gage
107471,Matt Bettinelli-Olpin
107474,Michael Engler
107476,Olivia Wilde
107479,Robin Bissell
107489,Josh Cooley
107494,Simon Kinberg
107496,David Yarovesky
107498,Tyler Nilson
107499,Gene Stupnitsky
107501,Justin Baldoni
107502,Hans Petter Moland
107504,Gary Dauberman
107505,Adrian Grunberg
107506,Nisha Ganatra
107514,Joe Talbot
107516,Michael Chaves
107520,Thurop Van Orman
107522,Kevin Kölsch
107524,Riley Stearns
107527,Vincent D'Onofrio
107530,Lars Klevberg
107531,Julius Onah
107532,Joanna Hogg
107533,Lulu Wang
107535,Chris Addison
107536,Jason Winer
107539,Andrea Berloff
107540,Elise Durán
107546,Jill Culton
107548,Todd Strauss-Schulson
107549,Malik Bader
107550,Gail Mancuso
107553,Dome Karukoski
107554,Lee Cronin
107555,Paul Downs Colaizzo
107560,Vikas Bahl
107561,Dylan Brown
107562,Won-Tae Lee
107563,Fred Durst
107564,Laure de Clermont-Tonnerre
107565,Jesse V. Johnson
107566,Frant Gwo
107568,Waymon Boone
107570,Roxann Dawson
107571,Zara Hayes
107572,Tina Gordon
107573,Nicholas McCarthy
107574,Yu Yang
107575,Shawn Seet
107577,John Stalberg Jr.
107581,John Swab
107582,Byeong-heon Lee
107583,Noble Jones
107585,J.J. Englert
107586,Abhishek Varman
107587,Abhishek Chaubey
107588,Jagan Shakti
107589,Melanie Martinez
107591,Sujeeth
107592,Sang-Geun Lee
107593,Van Ling
107594,Britt Poulton
107595,Chuck Konzelman
107596,Punit Malhotra
107597,Joo-hwan Kim
107598,Laxman Utekar
107599,Akiv Ali
107600,Lucio Castro
107601,Alex Ranarivelo
107602,Gorô Taniguchi
107603,Hannah Pearl Utt
107604,Robert Fernandez
107605,Eddie Mensore
107606,Kirill Mikhanovsky
107607,Robbie Grewal
107608,Le-Van Kiet
107610,Shelly Chopra Dhar
107611,Roxanne Benjamin
107612,Tony Chan
107613,Ali Abbas Zafar
107614,Mark Bramble
107615,Claudio Giovannesi
107616,Richard Grieco
107617,Tony Wash
107618,Jerry Mitchell
107619,Rich Christiano
107620,Jung Da-Won
107621,Drew Cullingham
107622,T.C. Christensen
107625,Indra Kumar
107626,Shane Stanley
107627,Nacho G. Velilla
107628,Jazz Boon
107629,Noo-ri Park
107630,Marie Kreutzer
107631,Andoy Ranay
107632,Aneesh Daniel
107633,Yutaka Uemura
107634,Ariel Winograd
107636,Antoinette Jadaone
107638,Raj Kumar Gupta
107639,Jason Kwan
107640,Dylan Thomas Ellis
107641,Jeffrey Nicholson
107642,David Stuart Snell
107643,Monia Chokri
107646,Cathy Yan
107649,Adil El Arbi
107650,Jeff Fowler
107652,Chris Sanders
107653,Hu Guan
107654,Scott Teems
107655,Kenneth Smith
107656,Teng Cheng
107657,Scott Pryor
107659,Marcus Brown
107660,Kevin Shulman
107661,Stefan C. Schaefer
107662,Justin Kreinbrink
107664,Joseph Ebanks
107665,Dusty Dukatz
107666,Nkanya Nkwai
107667,James Randall
107668,Pereko Mosia
