id_star,name_s
200001,Jack Nicholson
200002,Brooke Shields
200003,Mark Hamill
200004,Robert Hays
200005,Chevy Chase
200006,Betsy Palmer
200007,John Belushi
200008,Robert De Niro
200009,Gene Hackman
200010,David Carradine
200011,Clint Eastwood
200012,N!xau
200013,Robin Williams
200014,Donald Sutherland
200015,Michael Caine
200016,Christopher Reeve
200017,Eddie Barth
200018,Jane Fonda
200019,Adrienne Barbeau
200020,Gene Wilder
200021,Al Pacino
200022,Kris Kristofferson
200023,Kirk Douglas
200024,Olivia Newton-John
200025,John Travolta
200026,William Hurt
200027,Tatum O'Neal
200028,Jason Robards
200029,Robert Redford
200030,Richard Gere
200031,Chris Makepeace
200032,Leslie Nielsen
200033,Burt Reynolds
200034,Scott Glenn
200035,Goldie Hawn
200037,Tony Danza
200038,Rory Calhoun
200039,Laurence Olivier
200040,Sissy Spacek
200041,Bette Davis
200042,Edward Woodward
200043,Peter O'Toole
200044,Peter Boyle
200045,Charlton Heston
200046,Cheech Marin
200048,Suzanna Love
200049,Don Adams
200050,Anthony Quinn
200051,Woody Allen
200052,Paul Le Mat
200053,Ray Simpson
200055,Marcello Mastroianni
200056,Tim Conway
200057,Paul Newman
200059,Chuck Norris
200060,Darren McGavin
200061,Charles Martin Smith
200062,Richard Dreyfuss
200063,Jill Clayburgh
200064,Willie Nelson
200065,Ellen Burstyn
200066,Dom DeLuise
200067,Vera Alentova
200068,Peter Sellers
200069,Martin Mull
200070,John Ritter
200071,Dudley Moore
200072,Scott Beach
200073,Marty Feldman
200074,Meat Loaf
200075,Ali MacGraw
200076,Elliott Gould
200077,Walter Matthau
200078,Michael Ontkean
200079,David N. Haynes
200080,Trevor Howard
200081,Paul Michael Glaser
200082,Talia Shire
200083,Shirley MacLaine
200084,Jean Martin
200085,George Burns
200086,Frank Langella
200087,Michel Serrault
200088,Chuck Barris
200089,Gilda Radner
200090,Treat Williams
200091,Bob Newhart
200092,Ka-Yan Leung
200093,Harrison Ford
200095,David Naughton
200096,Kurt Russell
200097,Bruce Campbell
200098,Dan Monahan
200101,Nigel Terry
200102,Mel Gibson
200103,Jürgen Prochnow
200104,Bill Murray
200105,Isabelle Adjani
200107,James Caan
200109,Sean Connery
200110,Alan Alda
200112,Jennifer O'Neill
200113,Roger Moore
200114,Jamie Lee Curtis
200115,George C. Scott
200116,Warren Beatty
200117,Katharine Hepburn
200118,Mickey Rooney
200119,Ben Cross
200121,Bo Derek
200124,Andre Gregory
200125,Ringo Starr
200126,James Farentino
200127,Mel Brooks
200128,Dee Wallace
200129,Peter MacNicol
200130,Jeff Bridges
200131,Everett McGill
200132,Sam Neill
200133,Faye Dunaway
200134,Sylvia Kristel
200136,James Cagney
200137,Maren Jensen
200141,Keith Carradine
200142,Julie Andrews
200143,Catriona MacColl
200144,Craig Wasson
200145,Paul Kelman
200146,Elizabeth Berridge
200147,Frederic Forrest
200148,Meryl Streep
200149,Jim Henson
200151,Albert Finney
200152,Sylvester Stallone
200156,Nell Schofield
200159,Kristen Riter
200163,Wilhelmenia Fernandez
200164,Klaus Kinski
200166,Lauren Tewes
200167,George Hamilton
200169,George Segal
200170,Lily Tomlin
200171,Kristy McNichol
200173,Christopher George
200175,Steve Martin
200176,Mews Small
200177,Klinton Spilsbury
200178,Lesley-Anne Down
200179,Leonard Mann
200181,Daniel Valdez
200182,Jacqueline Bisset
200183,Jack Lemmon
200184,Richard Pryor
200185,Albert Brooks
200186,Andy Kaufman
200187,Sally Field
200193,Robert Duvall
200195,Marsha Mason
200196,David Rasche
200198,Harry Hamlin
200199,Pepper Martin
200201,John Savage
200202,Leif Garrett
200203,Tony Anthony
200204,Bulle Ogier
200206,Sean Penn
200209,Arnold Schwarzenegger
200210,Henry Thomas
200213,Michelle Pfeiffer
200214,Aileen Quinn
200215,JoBeth Williams
200216,Nick Nolte
200217,William Shatner
200218,Willie Aames
200219,Lawrence Monoson
200221,Ben Kingsley
200222,Dustin Hoffman
200224,Elizabeth Hartman
200227,Marc Singer
200228,Hal Holbrook
200230,Bob Geldof
200231,Nastassja Kinski
200232,Bertil Guve
200233,Dana Kimmell
200235,Tom Atkins
200239,Scott Baio
200240,Kenny Rogers
200242,Steve Guttenberg
200245,Henry Winkler
200246,Peter Gallagher
200249,Barbara Hershey
200252,Kate McNeil
200253,Peter Ustinov
200254,Lee Horsley
200255,Charles Bronson
200257,Barry Bostwick
200258,Mariel Hemingway
200260,James Olson
200262,Jessica Lange
200263,Morgan Fairchild
200266,Matt Dillon
200267,Ben Murphy
200268,Armand Assante
200269,John Cassavetes
200270,Michael McKean
200272,Roy Scheider
200273,Robert Glaudini
200276,Ronny Cox
200277,Cher
200278,Lewis Collins
200280,Kathryn Harrold
200284,Season Hubley
200287,Jon Voight
200289,Michael Ironside
200290,Tim Matheson
200291,Gerrit Graham
200294,Michael O'Keefe
200296,Ken Wahl
200299,Allen Garfield
200300,Mark Blankfield
200302,Michael Palin
200303,Raul Julia
200304,John Hurt
200305,Robert Urich
200306,Toni Attell
200307,Joan Collins
200308,Bette Midler
200309,Gérard Depardieu
200310,Johnny Yune
200314,Leon Isaac Kennedy
200316,Ryan O'Neal
200318,Mel Blanc
200320,Luciano Pavarotti
200322,Teresa Stratas
200323,Tom Skerritt
200324,Rainer Werner Fassbinder
200326,Lorne Greene
200327,Amy Madigan
200328,John Wintergate
200329,Elizabeth Edmonds
200330,Bill Schoppert
200331,Wendy Hughes
200333,C. Thomas Howell
200335,Tom Cruise
200337,Eddie Murphy
200339,Tom Berenger
200341,Dennis Quaid
200342,Keith Gordon
200343,Felissa Rose
200344,Jennifer Beals
200345,Matthew Broderick
200346,Sam Shepard
200347,Ken Marshall
200348,David Knell
200349,Christopher Walken
200351,Phoebe Cates
200352,Nicolas Cage
200354,James Woods
200356,Dan Aykroyd
200358,Peter Billingsley
200361,Catherine Deneuve
200362,Michael Keaton
200365,Anthony Perkins
200366,Burt Lancaster
200371,Matt Lattanzi
200372,Barbra Streisand
200373,Randy Norton
200375,Graham Chapman
200376,John Cleese
200377,Oleg Yankovskiy
200379,Jackie Gleason
200380,Rick Hill
200387,Rodney Dangerfield
200388,David Bowie
200390,Peter Keleghan
200393,Cliff Gorman
200397,Mary Beth McDonough
200401,Linda Blair
200402,Peter Strauss
200403,Tom Selleck
200405,Kevin Kline
200406,Don Francks
200407,Lou Ferrigno
200409,Christopher Atkins
200411,Tony Roberts
200412,Jane Alexander
200413,Rutger Hauer
200414,Shô Kosugi
200416,Kathleen Quinlan
200417,Mark Gregory
200422,Reb Brown
200423,Peter Weller
200424,David Niven
200425,Max Gail
200428,Pia Zadora
200429,Michael Douglas
200431,David Keith
200432,Mary Steenburgen
200434,Cristina Raines
200439,Rosanna Arquette
200440,Julie Christie
200441,John Candy
200442,Timothy Hutton
200443,Bonnie Bedelia
200445,Malcolm McDowell
200446,Tommy Lee Jones
200448,Kelly Reno
200449,Jeffrey Byron
200450,Martin Yost
200451,Linda Griffiths
200454,Robby Benson
200456,Margot Kidder
200457,Steve Sandor
200461,Ernest Borgnine
200462,Martin Sheen
200464,Peter Coyote
200465,Dennis Hopper
200467,Wings Hauser
200468,Everett Silas
200470,Jan-Michael Vincent
200471,Richard Beymer
200472,Mark Pirro
200473,James Aubrey
200474,Steve Railsback
200475,
200477,Kyle MacLachlan
200479,Ralph Macchio
200484,Heather Langenkamp
200485,F. Murray Abraham
200487,Patrick Swayze
200488,Noah Hathaway
200489,Kevin Bacon
200490,Robert Carradine
200491,Zach Galligan
200493,Michael Paré
200494,Molly Ringwald
200495,Harry Dean Stanton
200496,Rob Reiner
200498,Val Kilmer
200500,Peter Horton
200501,Lance Guest
200502,Tom Hanks
200503,John Getz
200506,Sumi Shimamoto
200507,Erich Anderson
200508,Grant Cramer
200509,Rachel Ward
200510,Helen Slater
200512,Drew Barrymore
200513,John Heard
200520,Sam Waterston
200523,Catherine Mary Stewart
200526,Kathleen Turner
200531,John Lurie
200533,Judy Davis
200534,Prince
200535,Rob Lowe
200536,Freddie Stuart
200537,Tanya Roberts
200539,Christopher Lambert
200541,Chris Penn
200543,Tawny Kitaen
200544,Lucinda Dickey
200545,Matthew Modine
200546,Sarah Patterson
200547,Peter Liapis
200548,Lenny von Dohlen
200551,Lilyan Chauvin
200552,Eric Roberts
200555,Lisa Hartman
200556,Aidan Quinn
200562,Rae Dawn Chong
200563,Cameron Dye
200566,James Garner
200571,Teri Garr
200572,Lisa Blount
200574,Avtandil Makharadze
200576,Gregory Harrison
200577,Howard E. Rollins Jr.
200578,Bill Paterson
200579,Richard Mulligan
200586,Diane Keaton
200587,Tab Hunter
200588,Michael Zorek
200590,Steven Bauer
200591,Joe Morton
200592,Jon Cryer
200597,Robert Ginty
200600,Geneviève Bujold
200601,Judd Nelson
200602,Pascale Ogier
200606,Anne Bancroft
200610,Paul McCartney
200614,Lorenzo Lamas
200617,Karen Allen
200619,Margarita Lozano
200621,Debra Winger
200626,Liv Ullmann
200627,Cynthia Dale
200630,Louis Ducreux
200632,John Shea
200633,Greg Bradford
200634,Gary Busey
200635,Patrick Houser
200637,Steve Bisley
200638,Christopher Plummer
200639,Reece Dinsdale
200640,Brooke Adams
200641,Danielle Romeo
200642,Nick Mancuso
200643,Guy Marchand
200644,Anthony Michael Hall
200645,Sean Astin
200646,Michael J. Fox
200647,William Petersen
200648,Eileen Brennan
200649,Emilio Estevez
200650,Don Ameche
200654,Clu Gulager
200655,Demi Moore
200656,Jonathan Pryce
200662,Danny Glover
200665,John Cusack
200666,Tatsuya Nakadai
200668,Maggie Smith
200670,Chris Sarandon
200671,Ethan Hawke
200674,Griffin Dunne
200678,Robert Englund
200681,Paul Reubens
200683,Lori Cardille
200684,Joyce Hyser
200687,William Katt
200689,Grant Bardsley
200690,Melanie Kinnaman
200692,Jeffrey Combs
200694,Taimak
200697,Biff Yeager
200701,James Spader
200704,Lauren Hutton
200705,Rob Morrow
200706,Jackie Chan
200707,Jeff Goldblum
200709,Mikhail Baryshnikov
200710,Doug McKeon
200713,Saeed Jaffrey
200714,Nicholas Rowe
200717,Mickey Rourke
200719,Bruno Lawrence
200720,Ken Watanabe
200721,Stan Ivar
200723,Kurt McKinney
200724,Mary Beth Hurt
200725,Ken Ogata
200730,Kevin Costner
200731,Meredith Salenger
200734,Anthony Edwards
200736,Richard Chamberlain
200737,Michael Dudikoff
200738,Powers Boothe
200742,Helen Shaver
200743,Lewis Smith
200744,Mia Farrow
200746,Anton Glanzelius
200747,John Stockwell
200748,Jennifer Connelly
200749,Stephen Geoffreys
200750,Shannon Presby
200751,Betsy Russell
200756,John Murray
200761,Louise Lasser
200762,Kurt Thomas
200770,James Whitmore
200772,Sting
200773,Mel Smith
200774,Raymond Burr
200777,Geraldine Page
200782,Norma Aleandro
200783,Sheila E.
200784,John Erwin
200787,Chin Tsai
200788,Moreno D'E Bartolli
200790,Joe Colligan
200791,Glenn Close
200792,Lenore Zann
200793,Georgia Engel
200794,Richard Farnsworth
200797,Miranda Richardson
200800,Susan Dey
200801,Daniel Jenkins
200802,Anthony Hopkins
200804,Timothy Dalton
200805,Judge Reinhold
200806,Kate Nelligan
200807,Coral Browne
200808,Gabriel Byrne
200810,Vanessa Redgrave
200811,Susan Sarandon
200812,Bettina Bush
200814,Roland Giraud
200815,John Rhys-Davies
200816,Mario Van Peebles
200817,Gala Videnovic
200819,Barry Otto
200820,Ed Harris
200821,Klaus Maria Brandauer
200822,Forrest Tucker
200826,Fionnula Flanagan
200827,Glenda Jackson
200829,Raphael Sbarge
200830,Denise Coward
200833,Bruce Dern
200834,John Gordon Sinclair
200835,Jimmy Keegan
200836,Peter Bland
200837,Fabienne Babe
200838,Jane Snowden
200839,Nathalie Baye
200840,Kader Boukhanef
200841,Barry Jackson
200843,Isabelle Huppert
200845,Sigourney Weaver
200846,Wil Wheaton
200848,Paul Hogan
200853,Charlie Sheen
200854,Isabella Rossellini
200856,Lea Thompson
200858,Rick Moranis
200860,Pat Morita
200861,Crispin Glover
200865,Ally Sheedy
200872,Joey Cramer
200876,Louise Smith
200880,Corey Haim
200881,Thom Mathews
200884,Jean-Hugues Anglade
200888,Louis Gossett Jr.
200891,Gary Oldman
200892,Michael Rooker
200893,Bob Hoskins
200895,Jason Lively
200896,Erland Josephson
200898,Bart Conner
200900,Kate Capshaw
200903,Vincent Price
200905,Orson Welles
200907,Michael Moriarty
200909,Lucy Deakins
200910,Jeff Daniels
200913,Daryl Hannah
200914,Tracy Camilla Johns
200915,Gregory Hines
200918,Tom Waits
200920,Michel Piccoli
200923,Kyôko Koizumi
200924,Noam Almaz
200926,Karen Black
200927,Assumpta Serna
200929,Deborah Foreman
200933,Helena Bonham Carter
200935,Yves Montand
200938,Bryan Brown
200939,Brian Kerwin
200940,Oliver Reed
200941,Danny DeVito
200942,Richard Jordan
200943,John Lithgow
200944,Marc Price
200945,Dirk Benedict
200946,Whoopi Goldberg
200947,Craig Sheffer
200949,David Byrne
200950,Peggy Ashcroft
200952,Matthew Labyorteaux
200954,Linda Carol
200955,Stephen Lang
200958,Diane Franklin
200962,Farrah Fawcett
200963,David Dukes
200965,Marie Rivière
200967,Andrew Prine
200970,Daphne Zuniga
200971,Todd Allen
200974,Terence Stamp
200977,Mitchell Gaylord
200981,Colin Friels
200982,Sally Kellerman
200983,Maruschka Detmers
200984,Patsy Kensit
200985,Scott Valentine
200989,Martin Hewitt
200994,Ted Danson
200995,Michael Schoeffling
200997,Neil Dickson
201000,Dominique Michel
201001,James Karen
201003,Blythe Danner
201005,Pamela Adlon
201007,Dexter Gordon
201009,John Bolger
201013,Daniel Jordano
201015,Wayne Crawford
201016,Shari Shattuck
201019,Scott McGinnis
201024,Maxine Miller
201026,Mike Norris
201029,Lorenzo Quinteros
201030,Hugh Duncan Bigney Mitchell
201031,Kristina Nehm
201032,Mary Tyler Moore
201037,Jonathan Crombie
201038,Victor Love
201039,Derek de Lint
201041,Dennis Christopher
201042,Leo Fong
201043,Anouk Aimée
201044,Cary Elwes
201045,Jason Patric
201050,Elisabeth Shue
201055,Adrian Pasdar
201056,Andrew McCarthy
201057,Dolph Lundgren
201059,Andrew Robinson
201060,Christian Bale
201063,Eric Stoltz
201068,Lorraine Gary
201073,Patrick Dempsey
201078,Richard E. Grant
201080,Mark Harmon
201084,John Lone
201087,Lou Diamond Phillips
201089,Andre Gower
201090,Donald Pleasence
201091,Bruno Ganz
201092,James Wilby
201095,George Kennedy
201097,Terry O'Quinn
201098,Robert Sean Leonard
201099,Louise Fletcher
201100,Hume Cronyn
201105,Jason Bateman
201108,Stephen Dorff
201109,Jim Varney
201111,Anthony Barrile
201112,Melanie Griffith
201117,Kim Basinger
201118,Gaspard Manesse
201119,Siobhan Finneran
201120,Sarah Miles
201125,Stéphane Audran
201126,Anthony Newley
201128,Marianne Sägebrecht
201130,Casey Siemaszko
201131,David Paul
201132,Matt Adler
201134,Arye Gross
201136,Lindsay Crouse
201137,Denzel Washington
201141,Frankie Avalon
201145,Madonna
201147,Chris Cooper
201148,Pelle Hvenegaard
201151,Ross Bagdasarian Jr.
201152,Susanna Hoffs
201153,Lisa Schrage
201158,Michael E. Knight
201159,John Allen Nelson
201160,Jim Belushi
201162,Colin Firth
201163,Shelley Long
201169,Lane Smith
201170,Emily Lloyd
201174,Kelly McGillis
201179,Christine Lahti
201181,Tom Hulce
201182,Michael Biehn
201184,Eric Freeman
201185,Linnea Quigley
201186,Deborah Winters
201189,Ellen Barkin
201190,Bill Cosby
201191,Emmanuelle Chaulet
201195,Robert Townsend
201196,Anjelica Huston
201199,Joëlle Miquel
201200,Christopher Lloyd
201201,Martin Short
201204,John Malkovich
201205,Lori Lethin
201206,Sy Richardson
201208,Jason Gedrick
201210,Loren Avedon
201212,James Russo
201213,Jodie Foster
201216,Julie Walters
201217,Heather Thomas
201219,Derek Jacobi
201220,Noah Taylor
201221,Brian Dennehy
201222,Bill Paxton
201225,Sergio Rubini
201229,Darren Robinson
201230,Zelda Rubinstein
201231,Elaine Stritch
201234,Rod Steiger
201236,Whip Hubley
201239,Fred Dryer
201240,Brad Davis
201241,Eddie Deezen
201242,Joanne Woodward
201243,Sally Kirkland
201244,Bruce Willis
201246,Alec Baldwin
201249,River Phoenix
201250,Roddy Piper
201253,Winona Ryder
201256,Annabeth Gish
201257,Mitsuo Iwata
201258,Philippe Noiret
201260,Catherine Hicks
201265,Hitoshi Takagi
201269,Jean-Claude Van Damme
201270,Willem Dafoe
201272,Pat Hingle
201276,Geena Davis
201277,Sonny Bono
201278,Jeremy Irons
201280,Jean-Marc Barr
201281,Daniel Day-Lewis
201282,Shawnee Smith
201283,Joey Lawrence
201284,Sherilyn Fenn
201289,John Neville
201292,Cassandra Peterson
201293,Christine Ebersole
201294,Steven Seagal
201297,Keenen Ivory Wayans
201298,Lance Henriksen
201300,Terry Kiser
201302,Doug Bradley
201307,Amanda Donohoe
201311,Tami Erin
201313,Edward James Olmos
201315,Carmen Maura
201317,Bubba Smith
201319,Cathy Podewell
201323,Heather O'Rourke
201326,Andy Lau
201327,William Ragsdale
201328,Jackie Mason
201329,Laurence Fishburne
201331,Pierce Brosnan
201332,Fisher Stevens
201333,Bill Pullman
201337,Jason Beghe
201339,Davor Dujmovic
201341,James Le Gros
201343,Carl Weathers
201345,Sidney Poitier
201346,George Dzundza
201347,Lukas Haas
201352,Phil Collins
201357,Scott Grimes
201359,Eric Bogosian
201360,Justine Bateman
201361,Tchéky Karyo
201362,Rubén Blades
201363,Charlie Schlatter
201369,Forest Whitaker
201371,Shafiq Syed
201372,Yahoo Serious
201374,Tom Burlinson
201376,Rebecca De Mornay
201377,Phil Davis
201381,Cyndi Lauper
201382,Delphine Zentout
201386,Bernard Hill
201390,Traci Lords
201392,Robert Downey Jr.
201395,Billy Crystal
201396,Isaach De Bankolé
201399,Jennifer Rubin
201400,Gena Rowlands
201401,Charlotte Burke
201404,Cliff De Young
201406,Jennifer Jason Leigh
201410,Amy Irving
201413,Bobcat Goldthwait
201419,John Glover
201420,George Newbern
201422,Richard Hatch
201423,Joanna Pacula
201424,Tim Daly
201425,Natasha Richardson
201428,Imogen Stubbs
201429,Tony Pierce
201430,Meg Tilly
201431,Alan Boyce
201434,Theresa Russell
201435,Pete Postlethwaite
201442,Hart Bochner
201447,Keanu Reeves
201450,Jodi Benson
201453,Danny Aiello
201462,Dale Midkiff
201474,Pauline Collins
201477,Richard Bohringer
201478,Julian Sands
201485,Fred Savage
201487,'Weird Al' Yankovic
201490,Victoria Abril
201496,Nicole Kidman
201500,Morgan Freeman
201503,Corey Feldman
201505,Greg Evigan
201510,Kenneth Branagh
201512,Jensen Daggett
201513,Robyn Lively
201517,Michael Murphy
201521,Masatoshi Nagase
201523,Sammi Davis
201524,Christian Slater
201527,Tim Robbins
201528,Martin Landau
201535,Cybill Shepherd
201538,Gabriel Damon
201544,Dick Durock
201556,Gary Graham
201557,Hulk Hogan
201564,Randy Quaid
201569,Staci Keanan
201571,Stephen Caffrey
201572,Edward Asner
201579,Adrienne Shelly
201583,Ron Fazio
201584,Don Johnson
201587,Takeshi Kitano
201588,Kiefer Sutherland
201589,Lorraine Bracco
201590,Geneviève Lemon
201591,Kirk Cameron
201592,Holly Hunter
201593,Dexter Fletcher
201594,Michael Chiklis
201596,Lothaire Bluteau
201598,Jillian McWhirter
201599,Hoyt Axton
201600,Bernadette Peters
201601,Stephen Shellen
201602,Dorota Segda
201604,Andrew Stevens
201607,Jenny Wright
201611,Ron Silver
201612,David Bradley
201621,Keith Coogan
201622,Michel Blanc
201623,Sam Elliott
201625,Jesse Birdsall
201627,Peter Falk
201628,Josef Sommer
201632,Clark Brandon
201636,Jonathan Emerson
201638,Annabella Sciorra
201639,John Larroquette
201643,Jim Brown
201648,Macaulay Culkin
201656,Judith Hoag
201657,Johnny Depp
201668,Liam Neeson
201680,Balthazar Getty
201681,Anne Parillaud
201683,Alex Vincent
201685,Richard Linklater
201687,Leslie Cheung
201695,Michael Oliver
201699,Christopher Reid
201701,Tony Todd
201704,Fred Ward
201708,Jonathan Brandis
201710,Kate Hodge
201712,James Lorinz
201716,Andrew Dice Clay
201718,Keely Christian
201719,Akira Terao
201722,Bradley Gregg
201725,Hossain Sabzian
201727,Dylan McDermott
201729,Marlon Brando
201731,Gary Kemp
201733,David Andrews
201742,Debbie Harry
201745,Carolyn Farina
201746,Solomon Perel
201750,Juliet Stevenson
201752,Alan Young
201754,Alison Steadman
201755,George O'Hanlon
201762,Jenny Seagrove
201766,Richard Harris
201773,Gong Li
201776,Jean Rochefort
201778,Richard Alexander
201779,Jared Rushton
201781,Patrick Bergin
201789,Eric Idle
201791,Kerry Fox
201795,Roger Rose
201797,Chris Young
201798,Frances McDormand
201800,Douglas Barr
201801,Ed Begley Jr.
201803,James Bond III
201805,Philippe Caubère
201806,Tim Roth
201807,Christina Applegate
201809,Laura Harring
201811,Anne Teyssèdre
201813,Dabney Coleman
201819,Louis Tripp
201821,Tilda Swinton
201822,J. Eddie Peck
201824,Miou-Miou
201826,Alice Diabo
201827,Dana Carvey
201831,Kirstie Alley
201834,Nicole Eggert
201838,Fabrice Luchini
201839,Takaaki Enoki
201840,Kenny Ireland
201842,Lena Stolze
201843,Michael Gottli
201848,Cuba Gooding Jr.
201850,Frank Whaley
201853,Maribel Verdú
201856,Paige O'Hara
201857,Kathy Bates
201859,Billy Campbell
201860,Anna Chlumsky
201867,Lawrence Ng
201868,Julia Roberts
201870,Brian Krause
201878,John Turturro
201882,Paige Turco
201885,Robert Arkins
201887,Irène Jacob
201888,Wesley Snipes
201890,Brandon Quintin Adams
201894,Marie-Laure Dougnac
201896,Justin Whalin
201899,Juliette Binoche
201901,Brian Bosworth
201902,Gabrielle Anwar
201916,Miki Imai
201917,David Morse
201918,James Stewart
201922,Alan Rickman
201923,Joe Mantegna
201926,Mimi Rogers
201927,Kristy Swanson
201928,Glen Campbell
201929,Scott Bakula
201930,Vanilla Ice
201931,Nina Siemaszko
201936,Ed O'Neill
201940,Jill Schoelen
201943,Richard Grieco
201948,Ned Beatty
201959,Barbara Sukowa
201962,Brad Pitt
201969,Edith Meeks
201970,John Goodman
201971,Alfred Molina
201972,Diego Abatantuono
201975,Jeff Speakman
201978,Steven Waddington
201979,Claire Bloom
201980,Laura Dern
201983,John Gielgud
201986,Elias Koteas
201994,Sachiko Murase
201995,Sasha Mitchell
201997,Joe Pesci
201998,Hugo Weaving
202004,Sharon Stone
202008,Cindy Williams
202010,Jeff Fahey
202013,Tommy Davidson
202015,Harley Jane Kozak
202016,Anthony LaPaglia
202018,Cora Lee Day
202020,Daniel Giménez Cacho
202027,Vincent Spano
202028,Robert Carlyle
202030,Kevin Anderson
202032,Madeleine Stowe
202034,Peter Berg
202036,Jacques Dutronc
202039,Roberto Benigni
202040,Liza Minnelli
202044,Harvey Keitel
202046,Virginia Madsen
202057,Scott Weinger
202062,Stephen Rea
202066,Bridget Fonda
202069,Mike Myers
202072,Sheryl Lee
202074,Charles Grodin
202079,Jane March
202085,Timothy Balme
202094,Carlos Gallardo
202095,Hugh Grant
202096,Edward Furlong
202099,Samantha Mathis
202101,Brendan Fraser
202103,Omar Epps
202106,Benoît Poelvoorde
202107,Victor Wong
202108,Terry Farrell
202112,D.B. Sweeney
202114,Penélope Cruz
202115,Terence Knox
202118,Paul Mercurio
202121,James Marshall
202123,Richard Kind
202125,Russell Crowe
202127,George Strait
202130,Larry Drake
202147,Andy Garcia
202148,Faizon Love
202150,Hugh Laurie
202152,Marco Leonardi
202158,Olivier Gruner
202161,Damon Wayans
202164,Tate Donovan
202165,Brandon Lee
202168,Glenn Plummer
202170,Daniel Auteuil
202171,Miho Nikaido
202173,Sean Young
202174,Chingmy Yau
202179,Fernando Fernán Gómez
202180,Daniel Schlachet
202186,Maarten Smit
202187,Steve Buscemi
202189,Dermot Mulroney
202190,Mary McDonnell
202195,Emmanuel Salinger
202197,Trisha Todd
202198,Meg Ryan
202199,Samuel Fröler
202201,Ray Liotta
202206,Dolly Parton
202207,Chao-jung Chen
202212,Mike Dytri
202213,Robert John Burke
202216,Maxime Collin
202219,Michael Rapaport
202220,Mansour Diouf
202221,Charlotte Véry
202223,Peter Greene
202226,Tomorô Taguchi
202230,Jason Scott Lee
202231,Andie MacDowell
202233,Penelope Ann Miller
202234,Julie Kavner
202235,Robert Wuhl
202237,Bronson Pinchot
202239,Helena Bergström
202240,Leigh McCormack
202241,Jet Li
202245,Tom Guiry
202247,Jason London
202250,David Thewlis
202271,Danny Elfman
202272,Thomas Ian Nicholas
202273,Damian Chapa
202280,Tyrin Turner
202284,Kate Maberly
202285,Jason James Richter
202306,Warwick Davis
202308,Angela Bassett
202310,Pauly Shore
202312,Kent McCord
202314,John D. LeMay
202317,Diedrich Bader
202320,Federico Luppi
202330,Dominique Horwitz
202331,Shane McDermott
202338,Janet Jackson
202339,Tamlyn Tomita
202340,Charlotte Gainsbourg
202342,Kevin Conroy
202346,Max von Sydow
202347,Ashley Judd
202348,Will Smith
202356,Jesse Bradford
202364,Ernie Reyes Sr.
202366,Christian Clavier
202367,Elijah Wood
202372,Mark Dacascos
202374,Angel Aviles
202378,Chris Rock
202379,Jason Priestley
202380,Hiep Thi Le
202381,Alan Arkin
202382,Michael Crawford
202386,Uma Thurman
202390,Andrew Lowery
202392,Nu Yên-Khê Tran
202394,Karina Lombard
202395,Rongguang Yu
202400,Otto Sander
202404,Reese Witherspoon
202406,Winston Chao
202408,Paul Gross
202409,Dennis Haysbert
202411,Rip Torn
202415,Diane Ladd
202418,Tatsuo Matsumura
202419,Nanni Moretti
202425,James Duval
202428,Kim Vithana
202429,Alan Bates
202434,Darci Kistler
202435,Brad Johnson
202436,Derek Jarman
202437,Larry B. Scott
202438,Eric Christmas
202441,Jacob Tierney
202447,Jean Reno
202450,Jim Carrey
202453,Travis Tedford
202456,Woody Harrelson
202464,Brigitte Lin
202467,Melanie Lynskey
202468,Brian O'Halloran
202469,Jonathan Jackson
202472,Linda Fiorentino
202476,Patrick Stewart
202488,Lara Flynn Boyle
202491,Renée Zellweger
202496,Toni Collette
202498,Brian Bonsall
202500,Marisa Tomei
202501,Rena Owen
202504,Dana Delany
202508,Tim Allen
202517,Ralph Fiennes
202521,Zbigniew Zamachowski
202526,Emmanuelle Béart
202528,Bruce Greenwood
202531,Robert Patrick
202533,Jeremy Piven
202534,Massimo Troisi
202535,Luke Perry
202536,Nigel Hawthorne
202537,Antonio Banderas
202540,Jeni Courtney
202541,Duane Martin
202544,G.W. Bailey
202545,Luke Edwards
202547,Sophia Loren
202550,Alfre Woodard
202551,Jeremy Davies
202555,Richard Attenborough
202556,Jack Palance
202563,Allen Payne
202565,Sihung Lung
202570,Tina Majorino
202572,Rupert Everett
202573,Brad Dourif
202576,Chris Elliott
202578,Sean Bean
202579,Mackenzie Astin
202581,Mohamad Ali Keshavarz
202582,You Ge
202588,Denis Leary
202591,Julia Sweeney
202599,Thora Birch
202600,Sean Nelson
202615,Kevin Spacey
202618,Gunnar Hansen
202622,Stefano Dionisi
202623,Linus Roache
202625,Taylor Nichols
202626,Katrin Cartlidge
202627,Nikita Mikhalkov
202628,Gregg Fitzgerald
202630,Jack Thompson
202631,Brian Benben
202632,Larenz Tate
202635,Patricia Arquette
202637,Adam Beach
202640,Lisa Donaldson
202645,Alicia Silverstone
202652,Laura Linney
202654,Leo Fitzpatrick
202659,Shannen Doherty
202662,Elizabeth Berkley
202664,Ice Cube
202665,Emma Thompson
202667,Leonardo DiCaprio
202669,Adam Sandler
202670,Karan Ashley
202672,Natasha Henstridge
202677,Jonny Lee Miller
202678,Vincent Cassel
202681,Tom McGowan
202682,Lori Petty
202683,Christina Ricci
202685,Bill Farmer
202690,Atsuko Tanaka
202691,Sandra Bullock
202693,Chris Farley
202694,James Cromwell
202703,Ron Perlman
202707,Liesel Matthews
202717,David Caruso
202728,Schuyler Fisk
202729,Whitney Houston
202730,Heather Matarazzo
202731,Hal Scardino
202735,Josh Hamilton
202736,Billy Zane
202740,Jonathan Taylor Thomas
202745,Clarence Williams III
202752,Pascale Bussières
202753,Predrag 'Miki' Manojlovic
202757,William Baldwin
202761,Matt Frewer
202766,Julianne Moore
202768,Chris O'Donnell
202773,Ian McKellen
202774,Álex Angulo
202783,Audie England
202784,Pruitt Taylor Vince
202786,Mark Rylance
202787,Joseph Mazzello
202788,Olivier Martinez
202793,Fanny Ardant
202794,Jimmy Smits
202795,Jack Mulcahy
202796,Cameron Diaz
202797,Daniel Stern
202799,Lili Taylor
202803,Marisa Paredes
202807,Steven Weber
202808,Charlie Talbert
202809,Parker Posey
202815,Sinbad
202817,Aida Mohammadkhani
202819,Ian Hart
202823,Laurel Holloman
202825,Max Grodénchik
202832,Shar-Ron Corley
202833,Sergio Castellitto
202834,Virginie Ledoyen
202836,Sarah Jessica Parker
202837,Willeke van Ammelrooy
202843,Kadeem Hardison
202844,Michael Jordan
202847,Neve Campbell
202850,William H. Macy
202853,Ewan McGregor
202854,Helen Hunt
202860,Matthew McConaughey
202861,Robin Tunney
202866,Mark Wahlberg
202867,Luke Wilson
202869,Jennifer Tilly
202870,Billy Bob Thornton
202881,Vince Vaughn
202885,Shawn Wayans
202887,Philip Baker Hall
202890,Tony Shalhoub
202894,Jada Pinkett Smith
202895,Paul Terry
202903,Gwyneth Paltrow
202905,Naveen Andrews
202907,Kim Bodnia
202908,Christopher Guest
202909,Timothy Spall
202914,Mike Judge
202917,Pamela Anderson
202918,Emily Watson
202922,Teri Hatcher
202926,Shaquille O'Neal
202927,Kelsey Grammer
202931,Edward Burns
202933,Geoffrey Rush
202940,Michelle Trachtenberg
202944,Dennis Miller
202952,Vincent Perez
202953,Jeffrey Wright
202955,Tim Curry
202956,Bruce Ramsay
202957,Scarlett Johansson
202958,Glen Berry
202961,Christopher Eccleston
202963,Michael J. Pollard
202964,Maggie Cheung
202967,Hedy Burress
202971,Ben Stiller
202973,Jerry O'Connell
202975,Melvil Poupaud
202979,Giovanni Ribisi
202982,Jason Alexander
202983,Tom Arnold
202984,Hope Davis
202989,Martin Lawrence
202990,Molly Parker
202992,Vincent D'Onofrio
202993,Greg Kinnear
202995,David Schwimmer
203002,Vivian Wu
203006,Samuel L. Jackson
203016,Theresa Randle
203023,Dave Foley
203024,Jon Lovitz
203025,Steven Soderbergh
203026,Colm Meaney
203028,Robin Wright
203030,Blake Heron
203034,Ellen DeGeneres
203038,Daniel Bernhardt
203039,Jermaine Hopkins
203041,Illeana Douglas
203043,Matt LeBlanc
203051,Casper Van Dien
203054,Pam Grier
203059,Alex D. Linz
203066,Yôji Matsuda
203071,Matt Damon
203072,Jennifer Love Hewitt
203074,Nicole de Boer
203079,Matthew Perry
203081,Kel Mitchell
203082,Junko Iwao
203091,Michael Jai White
203092,Mira Sorvino
203095,Nick Sutton
203097,Stephen Fry
203098,Ben Affleck
203107,Djimon Hounsou
203112,Robin Shou
203113,Mel B
203114,Jennifer Lopez
203117,George Clooney
203121,Nathan Lane
203122,Liv Tyler
203123,Eduardo Noriega
203127,Trey Parker
203129,Vanessa Williams
203130,Mohammad Amir Naji
203133,Tom Everett Scott
203134,Rowan Atkinson
203136,Homayoun Ershadi
203138,Tammy Lauren
203140,Halle Berry
203141,Howard Stern
203143,Jennifer Aniston
203145,Ian Holm
203146,Harland Williams
203152,Tenzin Thuthob Tsarong
203153,Masato Hagiwara
203154,Liberto Rabal
203156,Michael Jeter
203159,Michael Caton
203160,Jason David Frank
203173,Fran Drescher
203178,Judi Dench
203182,Stellan Skarsgård
203183,Jamie Foxx
203185,Miguel Ferrer
203186,Kevin Sorbo
203188,John Leguizamo
203190,Angus Macfadyen
203191,Tupac Shakur
203192,Paul McGann
203197,Sophie Marceau
203198,Peter Fonda
203199,Jared Leto
203204,Will Friedle
203207,Sam Rockwell
203210,Til Schweiger
203213,Llyr Ifans
203214,Christopher McDonald
203219,Thomas Jane
203225,Marlon Wayans
203230,Joshua Schaefer
203231,Stephen Dillane
203232,Rachel Weisz
203233,David Duchovny
203234,Aaron Eckhart
203235,Alyssa Milano
203236,Bill Bellamy
203241,Julia Ormond
203242,Michael Richards
203243,Janeane Garofalo
203246,Edward Norton
203247,Jason Flemyng
203251,Lindsay Lohan
203260,Jordana Brewster
203263,Ming-Na Wen
203265,Jim Caviezel
203266,Tobey Maguire
203269,Jason Schwartzman
203272,Rufus Sewell
203277,Kirsten Dunst
203286,Ulrich Thomsen
203292,Sean Gullette
203294,Jane Adams
203301,Cate Blanchett
203303,Ryan Phillippe
203306,Vincent Gallo
203309,James Marsden
203311,Franka Potente
203313,Dave Chappelle
203319,Jeremy Theobald
203320,Philippe Nahon
203326,Shah Rukh Khan
203328,Chris Kattan
203332,Jeffrey Falcon
203333,Charles Berling
203334,Matthew Lillard
203335,Chow Yun-Fat
203336,Samy Naceri
203337,Clive Owen
203339,Norm MacDonald
203346,Chloë Sevigny
203350,Carlo Cecchi
203354,Veronica Taylor
203355,Nas
203357,Ian Bannen
203358,Magda Szubanski
203361,Jessalyn Gilsig
203362,Alexandra Dahlström
203365,Kieran Culkin
203368,Ian Michael Smith
203369,Bodil Jørgensen
203371,Bajram Severdzan
203378,Radha Mitchell
203380,Gillian Anderson
203381,Elizabeth Daily
203382,LisaRaye McCoy
203386,Catherine McCormack
203388,Fernanda Montenegro
203390,Billy Crudup
203391,Joseph Cross
203393,Jay Mohr
203396,Kate Winslet
203399,Oprah Winfrey
203400,Loni Anderson
203401,Najwa Nimri
203403,Howie Long
203404,Natasha Lyonne
203406,Kevin Gage
203407,Thierry Lhermitte
203409,Arata Iura
203410,George Hearn
203412,Paul Walker
203415,Brenda Blethyn
203417,Shôtarô Morikubo
203418,Thandiwe Newton
203419,Joaquin Phoenix
203422,Chris Stafford
203424,Jerry Springer
203425,Brendan Gleeson
203426,Stephen McCole
203434,Kathleen Fee
203436,Amy Brenneman
203449,Jason Biggs
203453,Heath Ledger
203456,Ron Livingston
203459,Sarah Michelle Gellar
203460,Heather Donahue
203467,James Van Der Beek
203468,Freddie Prinze Jr.
203473,Tony Goldwyn
203476,Eli Marienthal
203478,Caroline Ducey
203485,Rob Schneider
203491,Hilary Swank
203496,Rose McGowan
203499,Diane Lane
203502,Jake Gyllenhaal
203504,Jude Law
203508,Sarah Polley
203512,Devon Sawa
203516,Milla Jovovich
203518,Tommy Flanagan
203519,Guy Pearce
203521,Frances O'Connor
203523,Guillaume Depardieu
203525,Helen Mirren
203528,Craig Bierko
203532,Cecilia Roth
203533,Melissa Joan Hart
203539,Juliette Lewis
203541,John Simm
203542,Claire Danes
203545,Molly Shannon
203546,Taye Diggs
203548,Ray Winstone
203552,Wendy Crewson
203553,Joe Basile
203557,Emmanuel Schotté
203562,Denis Lavant
203571,James Levine
203572,Emily Bergl
203573,Charlize Theron
203574,Dave Goelz
203575,Behzad Dorani
203577,Elayn J. Taylor
203579,French Stewart
203581,Kevin Clash
203582,Annette Bening
203583,Jim Broadbent
203587,Shawn Hatosy
203590,Takehiro Murata
203592,Om Puri
203598,Bonnie Root
203602,Ewen Bremner
203605,Michael Dobson
203606,Loren Dean
203616,David Spade
203617,Joachim Król
203619,Alessandro Nivola
203622,Hank Azaria
203625,Rebecca Pidgeon
203626,Adrien Brody
203627,Hossein Mahjoub
203628,Émilie Dequenne
203629,Christian Campbell
203630,Martin Arrowsmith
203633,Maria Schrader
203636,Owen Wilson
203637,Will Keenan
203638,John Standing
203641,Jeremy Northam
203642,Vanessa Paradis
203643,Noah Fleiss
203647,Jason Statham
203650,Monica Bellucci
203652,Anna Faris
203654,Piper Perabo
203661,Breckin Meyer
203673,Tony Chiu-Wai Leung
203678,Ashton Kutcher
203682,Emily Perkins
203686,David Arquette
203687,Fred Willard
203690,Jamie Bell
203691,Emilio Echevarría
203696,Asia Argento
203699,Björk
203709,Natalie Portman
203713,Sanaa Lathan
203715,Jonathan Lipnicki
203719,Mark Addy
203720,Raffaëla Anderson
203722,Gerard Butler
203734,Joshua Jackson
203738,Eric Bana
203740,Amanda Schull
203741,Charlotte Ayanna
203742,Jeffrey Donovan
203749,Nien-Jen Wu
203763,Colin Farrell
203766,Shane West
203767,Mike White
203771,Javier Bardem
203773,Famke Janssen
203774,Lauren Ambrose
203778,Jung Suh
203779,Bernard Giraudeau
203784,Jennifer Morrison
203787,Andrew Philpot
203788,Lars Rudolph
203789,Tim Meadows
203790,Joan Allen
203791,Ricardo Darín
203792,Timothy Olyphant
203793,Lori Heuring
203794,Michelle Rodriguez
203798,Frankie Muniz
203799,Charlotte Rampling
203800,Ricardo Meneses
203801,Kamal Haasan
203802,Huey Lewis
203808,Philip Seymour Hoffman
203809,Christine Cavanaugh
203811,Marie-Josée Croze
203815,Lars Nordh
203817,Licia Maglietta
203819,Sadie Frost
203822,Minnie Driver
203823,Chris Klein
203825,Jim Cummings
203826,Garry Shandling
203828,Heather Graham
203829,Lisa Lindgren
203835,Lara Jill Miller
203836,Hrithik Roshan
203837,Delta Burke
203838,Susie Porter
203839,Xun Zhou
203844,Daniel Radcliffe
203845,Vin Diesel
203848,Naomi Watts
203850,Daveigh Chase
203852,Chyler Leigh
203856,Josh Hartnett
203861,Audrey Tautou
203863,Haley Joel Osment
203865,Jay Chandrasekhar
203880,Jack Black
203886,Gina Philips
203887,Paz Vega
203892,Alexa PenaVega
203895,Brad Renfro
203901,Angelina Jolie
203906,Julia Stiles
203910,Method Man
203911,Steve Zahn
203914,Kane Hodder
203915,Jason Mewes
203921,Samuel Le Bihan
203928,Anaïs Reboux
203934,Flex Alexander
203935,John Cameron Mitchell
203936,Alexsandra Wright
203938,Tom Green
203939,Haruhiko Katô
203944,Hayden Christensen
203945,Tadanobu Asano
203946,Shannon Elizabeth
203949,Tom Wilkinson
203953,Rachael Leigh Cook
203955,Stephen Chow
203956,Debi Derryberry
203959,Beau Billingslea
203962,Joseph Gordon-Levitt
203963,Aamir Khan
203965,Denise Richards
203969,Marla Sokoloff
203975,Ryan Gosling
203978,Vinnie Jones
203979,Dougray Scott
203980,Moritz Bleibtreu
203981,Miyoko Shôji
203986,Juliane Köhler
203989,Branko Djuric
203992,Alan Cumming
203994,Justin Chambers
203995,Mekhi Phifer
204003,Shane Edelman
204005,Melissa Sagemiller
204010,Jennifer Westfeldt
204013,Jennifer Baxter
204014,Naseeruddin Shah
204016,Brian Cox
204017,Dr. Dre
204018,Snoop Dogg
204022,Monica Potter
204023,Mariah Carey
204027,Vivica A. Fox
204028,Shane Brolly
204029,Selma Blair
204030,Toshio Furukawa
204032,Hector Elizondo
204034,Catherine Keener
204035,Mercedes Morán
204038,Andrew Lawrence
204039,Christopher Gorham
204043,Greg Stebner
204046,Eminem
204053,Cillian Murphy
204054,Alexandre Rodrigues
204079,Mandy Moore
204081,Nia Vardalos
204086,Dwayne Johnson
204090,Parminder Nagra
204092,Kate Bosworth
204093,Julianna Margulies
204094,Ryan Reynolds
204098,Salma Hayek
204102,Steve Oedekerk
204106,Aaliyah
204107,Rebecca Romijn
204111,Jordan Ladd
204112,Coralie Revel
204113,DJ Qualls
204114,Colin Hanks
204118,Britney Spears
204122,Shad Moss
204129,Kang-ho Song
204135,Parry Shen
204139,Nick Cannon
204144,Eddie Griffin
204146,Alexis Bledel
204152,Angela Bettis
204154,Miguel A. Núñez Jr.
204156,Chiwetel Ejiofor
204160,Rosario Flores
204161,Oksana Akinshina
204166,Steve Coogan
204180,Megumi Okina
204182,Keisha Castle-Hughes
204183,Everlyn Sampi
204186,Paddy Considine
204188,Jeremy Renner
204190,Eileen Walsh
204191,Charlie Hunnam
204200,Barry Watson
204203,Katie Holmes
204204,Casey Affleck
204205,Romain Duris
204208,Blayne Weaver
204209,Sergey Dreyden
204210,Mars Callahan
204212,Samantha Morton
204214,Anna Paquin
204217,Connie Nielsen
204220,James Nesbitt
204224,Morris Chestnut
204227,Sonja Richter
204228,Michael Reilly Burke
204236,Martin Compston
204237,America Ferrera
204238,Steve Irwin
204242,Mark Ruffalo
204243,James Franco
204252,Kate Beckinsale
204253,Choi Min-sik
204258,Michael Pitt
204263,Evan Rachel Wood
204264,Eliza Dushku
204267,Jeremy Sumpter
204273,Tommy Wiseau
204274,Jessica Biel
204277,Shia LaBeouf
204281,Sid Haig
204290,Kate Hudson
204292,Amanda Bynes
204299,Will Ferrell
204305,Blanchard Ryan
204312,A.J. Cook
204322,Cécile de France
204324,Elias McConnell
204325,Chaney Kley
204326,Daryl Sabara
204330,Derek Richardson
204332,Jonathan Breck
204335,Kim Ki-duk
204339,Jessica Alba
204343,Jonathan Cherry
204347,Peter Dinklage
204348,Daniel Brühl
204351,Adam Brody
204354,Tony Jaa
204357,Hilary Duff
204360,Brittany Murphy
204364,Preity Zinta
204366,Jamie Kennedy
204367,Anthony Anderson
204368,Vladimir Garin
204374,Andreas Wilson
204376,Michèle Caucheteux
204377,Mi-sook Lee
204378,Yekaterina Golubeva
204381,Tôru Emori
204382,Tatyana Ali
204384,Stephen Campbell Moore
204385,Guillaume Canet
204389,Nikolaj Lie Kaas
204391,Paul Giamatti
204392,Paul Rudd
204397,Luigi Lo Cascio
204400,Wes Ramsey
204403,Eduardo Verástegui
204406,Romola Garai
204407,Don Dixon
204410,Jason Lee
204412,Zooey Deschanel
204413,Kelly Clarkson
204420,Erik von Detten
204423,Yûta Sone
204425,Joe Nicolo
204426,Anne Reid
204428,Jodi Carlisle
204430,Joseph Fiennes
204431,Kam Heskin
204432,Corbin Allred
204433,Enrique Diaz
204437,Rémy Girard
204438,Liam Aiken
204442,Bob Dylan
204443,Sándor Csányi
204444,Emile Hirsch
204445,Scott Mechlowicz
204455,Hugh Jackman
204456,Craig T. Nelson
204463,Chieko Baishô
204466,Simon Pegg
204468,Natalie Press
204471,Daniel Craig
204472,Jon Heder
204476,Jennifer Garner
204478,Don Cheadle
204494,Kieran O'Brien
204498,John Cho
204507,Anne Hathaway
204508,Shane Carruth
204511,Abbie Cornish
204512,Tom Kenny
204519,Zach Braff
204525,Martin Henderson
204536,Cayden Boyd
204541,Brady Corbet
204543,Queen Latifah
204551,Kenan Thompson
204556,Ziyi Zhang
204557,Cyril Raffaelli
204563,Jena Malone
204571,Viggo Mortensen
204573,Rory Culkin
204574,Diego Luna
204575,Sara Foster
204576,Gael García Bernal
204580,Dwayne Adway
204581,Seung-Yun Lee
204583,Mary-Kate Olsen
204587,Tracey Ullman
204596,Yûya Yagira
204597,Kay Kay Menon
204598,Cedric the Entertainer
204599,Gérard Jugnot
204601,Bai Ling
204606,Konstantin Khabenskiy
204611,Omarion
204615,Ray Romano
204616,Max Riemelt
204617,Joan Chen
204624,Catalina Sandino Moreno
204625,Imelda Staunton
204626,Alex Etel
204627,Paul Kaye
204628,Kristen Stewart
204631,Jang Dong-Gun
204632,Vahina Giocante
204633,Valeria Bruni Tedeschi
204634,Anthony Mackie
204635,Kôji Imada
204636,Michael Nyqvist
204638,Abhishek Bachchan
204640,Akio Ôtsuka
204642,Robert Stadlober
204645,Steve Carell
204647,Keira Knightley
204649,Shauna Macdonald
204657,Orlando Bloom
204661,Martin Freeman
204662,Ioan Gruffudd
204664,Nathan Fillion
204669,Jay Hernandez
204673,Patrick Wilson
204674,Amber Tamblyn
204676,Rachel McAdams
204677,Chad Michael Murray
204679,Seann William Scott
204690,Stephanie Leonidas
204695,Donnie Wahlberg
204701,Josh Hutcherson
204702,Camilla Belle
204716,Nathan Phillips
204720,Karl Urban
204727,Johnny Knoxville
204730,Nam-mi Kang
204738,Owen Kline
204749,Kimberly Elise
204751,Peter Sallis
204766,James Gandolfini
204772,50 Cent
204776,Kristanna Loken
204778,Navi Rawat
204779,Kuno Becker
204780,Gretchen Mol
204782,David Strathairn
204785,Julian Morris
204788,Josh Lucas
204789,Terrence Howard
204792,Tom Welling
204793,AnnaSophia Robb
204799,Benjamin Bratt
204800,Agnes Bruckner
204805,Steve Howey
204806,Barney Clark
204816,Rie Rasmussen
204821,John Hawkes
204822,Felicity Huffman
204830,Bryce Dallas Howard
204831,Embeth Davidtz
204833,Marcos Hernández
204836,Amitabh Bachchan
204838,Hringur Ingvarsson
204839,Diane Kruger
204840,Jenny McCarthy
204842,Lou Taylor Pucci
204845,Lucas Black
204852,Ivana Baquero
204855,Gerardo Taracena
204862,James McAvoy
204864,Ulrich Mühe
204870,Justin Long
204871,Brandon Routh
204874,Steven Strait
204875,Ted Levine
204884,Ben Whishaw
204887,Thomas Turgoose
204888,Sean Biggerstaff
204890,Allen Covert
204893,Carice van Houten
204894,Missy Peregrym
204895,Channing Tatum
204897,Sacha Baron Cohen
204903,Mary Elizabeth Winstead
204906,Emma Roberts
204908,Lee Pace
204909,Jesse Metcalfe
204912,Ed Speleers
204913,Beyoncé
204918,Tobin Bell
204922,Megumi Hayashibara
204923,Mitchel Musso
204926,Jessica Simpson
204935,Jaime Pressly
204936,Sook-Yin Lee
204939,François Cluzet
204940,David Alan Basche
204944,Karolina Gruszka
204954,Dakota Fanning
204956,Liev Schreiber
204961,Jon Foster
204963,Josh Duhamel
204970,Frédéric van den Driessche
204974,Tyler Perry
204975,John Cena
204977,Dax Shepard
204979,Sienna Miller
204981,Charlie Clark
204982,Drew Fuller
204983,Kevin James
204984,Freddie Highmore
204988,Anders Danielsen Lie
204989,Alyson Hannigan
204995,Alison Lohman
204996,Mads Mikkelsen
204999,Patrick Fugit
205000,Glenn Jacobs
205005,Jean Dujardin
205006,T.I.
205007,Alex Pettyfer
205009,Nathan Baesel
205013,Toby Jones
205014,Oliver Driver
205024,Kristen Bell
205026,Danny McBride
205032,Jake T. Austin
205033,Danny Dyer
205034,Erin Kelly
205036,Daniel London
205038,Catherine O'Hara
205041,Jason Behr
205042,Logan Lerman
205046,Charlie Cox
205050,Michael Cera
205054,Brad Garrett
205064,Elliot Page
205067,Amy Adams
205070,Seth Rogen
205074,Andy Samberg
205079,Scout Taylor-Compton
205094,Ryan Kwanten
205095,Jerry Seinfeld
205097,Reiko Aylesworth
205102,Dane Cook
205103,Lauren German
205107,Lauren Birkell
205108,Karra Elejalde
205109,Kal Penn
205110,Daniel Hansen
205115,Katie Featherston
205121,John C. Reilly
205124,Belén Rueda
205126,Gaspard Ulliel
205129,Dan Castellaneta
205130,Jess Weixler
205131,Matthew Macfadyen
205135,Darsheel Safary
205138,Steve Austin
205139,Will Arnett
205144,Thomas Lennon
205149,Sam Riley
205153,Michael Vartan
205154,Marion Cotillard
205155,Glen Hansard
205157,Richard Jenkins
205159,Keri Russell
205160,Alexander Ludwig
205161,Catherine Zeta-Jones
205163,Daniella Alonso
205164,Trevor Wright
205167,Khalid Abdalla
205169,Skyler Shaye
205170,Gabrielle Union
205174,Dan Fogler
205176,David Koechner
205181,Wagner Moura
205182,Mathieu Amalric
205183,Norah Jones
205186,Pauline Acquart
205191,Rachel Nichols
205194,Patrick Carroll
205195,Big Boi
205196,Chiara Mastroianni
205202,Lucy Liu
205205,Anamaria Marinca
205207,Robert Wisdom
205209,Elisha Cuthbert
205210,Anton Yelchin
205211,Justin Chatwin
205214,Michelle Morgan
205215,Megumi Ogata
205217,Loren Taylor
205218,Summer Bishil
205220,Karl Markovics
205221,Michael Shannon
205225,Shahid Kapoor
205229,Joely Richardson
205230,Dominic Purcell
205234,Columbus Short
205238,Chuck Cooper
205239,Kathy Baker
205240,Zack Ward
205242,Bill Milner
205253,Scott Speedman
205261,Ben Burtt
205264,Rebecca Hall
205267,Dev Patel
205275,Kelly Reilly
205278,Mike Vogel
205281,Shawn Ashmore
205283,Jim Sturgess
205284,Sean Faris
205290,Josh Zuckerman
205292,Ben Barnes
205294,Asa Butterfield
205296,Katherine Heigl
205297,Kåre Hedebrant
205303,Tom Hardy
205307,Carmen Electra
205308,Drake Bell
205315,Ray Stevenson
205324,Rhona Mitra
205329,Gabriel Macht
205330,Ricky Gervais
205331,Chris Pine
205332,Rainn Wilson
205333,Robert Hoffman
205335,Paul Sorvino
205337,Scott Patterson
205339,Stuart Graham
205354,Josh Brolin
205355,Paris Hilton
205361,Brittany Snow
205362,Zac Efron
205366,Sean Maguire
205367,Matt Lanter
205370,Tina Fey
205372,Saoirse Ronan
205373,Jennifer Carpenter
205382,Lisa Ray
205385,Gianfelice Imparato
205389,JeeJa Yanin
205396,Sian Breckin
205402,Michelle Williams
205403,Ayako Fujitani
205413,Stephen McHattie
205414,Sally Hawkins
205416,Ari Folman
205418,Masahiro Motoki
205421,Matthew Goode
205423,Tamela J. Mann
205427,Rob Brown
205429,Martina Gedeck
205433,Larry Bishop
205435,Josh Peck
205437,Jimmy Bennett
205438,Melissa Leo
205446,Sam Worthington
205447,Megan Fox
205448,Jackie Earle Haley
205451,Zach Galifianakis
205453,Ginnifer Goodwin
205457,Jesse Eisenberg
205460,Sharlto Copley
205461,Quinton Aaron
205466,Vera Farmiga
205473,Jared Padalecki
205474,Anika Noni Rose
205480,Dieter Laser
205484,Nathaniel Brown
205487,Eric Christian Olsen
205488,Christos Stergioglou
205499,Garret Dillahunt
205501,Penn Badgley
205502,Max Records
205503,Briana Evigan
205509,Gabourey Sidibe
205514,Hye-ja Kim
205518,Michael Stuhlbarg
205520,Josh Stewart
205521,Rain
205525,Keller Wortham
205533,Nick Zano
205538,Carey Mulligan
205543,Emily Browning
205544,Jensen Ackles
205546,Isla Fisher
205549,Emily Blunt
205551,Tahar Rahim
205558,Katie Jarvis
205567,Hayden Panettiere
205568,Odette Annable
205570,Jamal Woolard
205574,Aaron Taylor-Johnson
205575,Sasha Grey
205576,Noomi Rapace
205583,Tom Hollander
205584,Christian Friedel
205585,Sean Patrick Flanery
205587,Miley Cyrus
205588,Golshifteh Farahani
205591,Alan Van Sprang
205594,Jocelin Donahue
205601,John Krasinski
205616,Paulina Gaitan
205619,Jeppe Beck Laursen
205620,Ryûnosuke Kamiki
205621,Ben Foster
205622,Julia Voth
205628,Evan McGuire
205629,Gemma Arterton
205631,Zach Cregger
205632,Chris Massoglia
205633,Ashley Tisdale
205634,Kristin Kreuk
205635,Dario Yazbek Bernal
205639,Michael Angarano
205641,Rooney Mara
205642,Eva Green
205643,Jonathan D. Mellor
205649,Jay Baruchel
205654,Madeline Carroll
205657,Scoot McNairy
205661,Sarah Butler
205662,Noah Ringer
205665,Lubna Azabal
205668,Mia Wasikowska
205685,Lee Byung-hun
205688,Emma Stone
205691,Danny Trejo
205694,Idris Elba
205698,Michael Fassbender
205700,James Frecheville
205703,Zachary Gordon
205707,Paul Bettany
205708,Robert Pattinson
205712,Jennifer Lawrence
205715,Chris Brown
205716,James Rolleston
205719,Tyler Labine
205721,Chris Messina
205725,Keir Gilchrist
205730,Kodi Smit-McPhee
205731,Benicio Del Toro
205735,Will Adamsdale
205739,Will Forte
205741,Eva Bourne
205743,Eric Balfour
205744,Thanapat Saisaymar
205746,Won Bin
205747,Joey King
205748,Otto Jespersen
205750,Amanda Seyfried
205752,Jonah Hill
205755,Amy Poehler
205757,Craig Roberts
205760,Sharni Vinson
205763,Eddie Redmayne
205768,Stephen Spinella
205773,Kôji Yakusho
205776,Bill Nighy
205781,Donnie Yen
205786,Jenn Proske
205790,Chace Crawford
205791,Jeon Do-yeon
205808,Patrick Fabian
205809,Juno Temple
205815,Rajat Barmecha
205817,Garrett Hedlund
205820,Joel Kinnaman
205821,Connor Paolo
205831,Max Thieriot
205832,Kristin Scott Thomas
205834,Danielle Harris
205838,David Hyde Pierce
205840,Ludivine Sagnier
205842,Thomas Dekker
205844,Chris Evans
205845,Chris Hemsworth
205848,Kristen Wiig
205857,Kristen Connolly
205865,Mila Kunis
205866,Henry Cavill
205870,Justin Timberlake
205875,Elle Fanning
205877,Bradley Cooper
205883,Jason Momoa
205901,Zoe Saldana
205903,Taylor Lautner
205904,Payman Maadi
205913,Jeremy Irvine
205915,Iko Uwais
205916,Zachary Quinto
205917,Elizabeth Olsen
205923,Nicholas D'Agosto
205925,Kenny Wormald
205938,Topher Grace
205944,Sara Paxton
205947,Gina Carano
205957,Lucas Pittaway
205959,Laurence R. Harvey
205962,James Buckley
205963,Nick Swardson
205965,Neil Maskell
205967,John Boyega
205970,Dominic Cooper
205971,Brit Marling
205973,Felicity Jones
205993,Minka Kelly
205995,Selena Gomez
205996,Colin O'Donoghue
205998,Christopher Denham
206001,Thomas Horn
206003,Noémie Lvovsky
206005,Tom Cullen
206007,Rhys Wakefield
206009,Aksel Hennie
206011,Michael Parks
206014,Sarah Bolger
206017,Mark Duplass
206021,Jason Sudeikis
206023,Alex Kendrick
206025,Warren Christie
206026,Rhys Ifans
206027,Russell Brand
206028,Taylor Schilling
206033,Maggie Gyllenhaal
206035,Albert Dupontel
206036,Kaya Scodelario
206038,Ranbir Kapoor
206040,Peter Mullan
206041,Muhammet Uzuner
206049,Anna Kendrick
206053,Jared Gilman
206058,Jessica Chastain
206062,Andrew Garfield
206076,Kelly Macdonald
206080,Taylor Kitsch
206081,Alexander Skarsgård
206085,Vanessa Hudgens
206087,Danielle Panabaker
206090,Saskia Rosendahl
206092,Benjamin Walker
206095,Thomas Mann
206099,Suraj Sharma
206105,Julianne Hough
206109,Aubrey Plaza
206110,Dane DeHaan
206123,Greta Gerwig
206125,Jason Segel
206129,Sean Hayes
206133,Ann Dowd
206137,Alex Veadov
206143,Dylan O'Brien
206145,Calvin Reeder
206146,Luke Evans
206147,Lily Collins
206148,Ashley Hinshaw
206150,Sheri Moon Zombie
206151,Kathryn McCormick
206152,Paul Dano
206155,Natasha Calis
206156,Adelaide Clemens
206160,Jean-Louis Trintignant
206165,Chase Williamson
206167,Jenna Fischer
206176,Alicia Vikander
206180,Will Rogers
206182,Veerle Baetens
206184,Dree Hemingway
206185,Paul Brannigan
206188,Quvenzhané Wallis
206192,Ashley Greene
206195,Jonny Weston
206199,Vidya Balan
206202,Josh Radnor
206204,Pål Sverre Hagen
206205,Stephen Dunham
206207,Marin Ireland
206210,Toby Irvine
206213,John Magaro
206215,Alice Lowe
206217,Jesse McCartney
206218,Rashida Jones
206222,Ingrid Bolsø Berdal
206223,Florian Lukas
206230,Rin Takanashi
206232,Riz Ahmed
206233,Alexis Denisof
206235,Ari Graynor
206238,Fernanda Andrade
206239,Saif Ali Khan
206240,Victoria Justice
206241,Léa Seydoux
206243,Peter Sarsgaard
206253,Domhnall Gleeson
206266,Lorenza Izzo
206291,Jane Levy
206300,Emily Baldoni
206311,Alexandra Daddario
206316,Nicholas Hoult
206325,Marine Vacth
206327,Karen Gillan
206328,Lior Ashkenazi
206332,Simon Rex
206334,Oscar Isaac
206336,Chloë Grace Moretz
206342,Julia Louis-Dreyfus
206347,Gugu Mbatha-Raw
206349,Jaden Smith
206354,Toni Servillo
206356,Miles Teller
206357,Chadwick Boseman
206362,Jemma Dallender
206363,Brie Larson
206365,Sophie Nélisse
206368,Katie Chang
206370,Hideaki Anno
206372,Alice Englert
206375,Kathryn Hahn
206377,Carlos Alazraqui
206378,Bill Hader
206380,Macon Blair
206384,Nick Robinson
206385,Farhan Akhtar
206389,Christoph Waltz
206391,Mark Strong
206393,James Corden
206400,Neil Patrick Harris
206402,Michael B. Jordan
206410,Rose Byrne
206411,Jack O'Connell
206413,Skylan Brooks
206414,Hailee Steinfeld
206421,Amy Seimetz
206423,Julian Barratt
206425,Liam Hemsworth
206426,Bérénice Bejo
206428,Lawrence Michael Levine
206431,Benedict Cumberbatch
206432,Agata Kulesza
206436,Lake Bell
206438,Tiger Hu Chen
206440,Irrfan Khan
206441,Jung-jae Lee
206444,Chris Pratt
206454,Shailene Woodley
206460,Jon Favreau
206461,Jemaine Clement
206466,Frank Grillo
206468,Maika Monroe
206474,Brenton Thwaites
206475,Sullivan Stapleton
206478,Ryan Potter
206488,Perdita Weeks
206489,Ward Horton
206490,Ellar Coltrane
206498,Essie Davis
206501,Darío Grandinetti
206504,Dan Stevens
206511,Zoey Deutch
206513,Rose Leslie
206519,Aaron Paul
206523,Seth MacFarlane
206525,Hugh Bonneville
206530,Richard Armitage
206531,Tom McGrath
206533,Anne Dorval
206537,Lukas Schwarz
206540,Heather Sossaman
206543,Gabriella Wilde
206550,Kit Harington
206556,Kaitlyn Dever
206557,Jake Johnson
206563,Andy Powers
206569,Imogen Poots
206576,Sharon Leal
206578,David Oyelowo
206580,Jon Hamm
206582,John Lloyd Young
206583,Elizabeth Banks
206597,Kellan Lutz
206599,Ryan Guzman
206601,Shane Harper
206603,Sara Takatsuki
206604,Ty Burrell
206605,Melissa McCarthy
206609,Johannes Kuhnke
206611,Christina Hendricks
206613,David Rawle
206615,Jared Harris
206616,Rachel Melvin
206618,Taraji P. Henson
206619,Aleksey Serebryakov
206621,Sidse Babett Knudsen
206627,Olivia Cooke
206630,Haluk Bilginer
206632,Tyler James Williams
206634,Kevin Hart
206635,Arielle Holmes
206650,Dakota Johnson
206652,Anya Taylor-Joy
206663,Lily James
206664,Daisy Ridley
206667,Tom Hiddleston
206672,Melissa Rauch
206675,Jason Clarke
206680,Olivia DeJonge
206681,Ed Helms
206683,Blake Lively
206686,Jim Parsons
206692,Amy Schumer
206697,O'Shea Jackson Jr.
206710,Logan Marshall-Green
206712,Edgar Ramírez
206714,Rupert Friend
206715,Adrian Grenier
206717,Tye Sheridan
206725,Levi Miller
206733,Mae Whitman
206734,Bryan Cranston
206737,Ezra Miller
206738,Scott Eastwood
206743,Prabhas
206750,Nat Wolff
206754,Kristoffer Joner
206755,Rolf Lassgård
206756,Abraham Attah
206760,Bel Powley
206761,Günes Sensoy
206763,Kitana Kiki Rodriguez
206765,James Ransone
206769,Ben Mendelsohn
206770,Ajay Devgn
206771,Haruma Miura
206773,Taron Egerton
206782,Ranveer Singh
206787,Amy Landecker
206791,Ed Skrein
206794,Shameik Moore
206795,Roland Møller
206797,Adam Scott
206798,Salman Khan
206799,Marta Mazurek
206807,Noah Schnapp
206811,Olivia Wilde
206816,Reese Mishler
206817,Clémence Poésy
206818,Chad Villella
206819,David Dencik
206820,Rossif Sutherland
206825,Aubrey Peeples
206826,Jenjira Pongpas
206827,Kate Mara
206830,Rob Corddry
206831,Munro Chambers
206836,Géza Röhrig
206838,Shin Ha-kyun
206841,Priscilla C. Shirer
206848,Travis Fimmel
206852,Emilia Clarke
206854,Florence Pugh
206855,Auli'i Cravalho
206867,Kim Min-hee
206876,Garance Marillier
206879,Gong Yoo
206892,Mahershala Ali
206899,Sasha Lane
206906,Neel Sethi
206911,Teresa Palmer
206912,Mike Epps
206919,Suki Waterhouse
206935,Adam Driver
206941,Lauren Cohan
206949,Louis C.K.
206951,Aaron Pedersen
206955,Morgan Saylor
206956,Blake Jenner
206959,Neal McDonough
206960,Samantha Robinson
206961,John Gallagher Jr.
206969,Ferdia Walsh-Peelo
206971,Hiroki Hasegawa
206976,Aaron Poole
206979,Jack Huston
206985,Keegan-Michael Key
206986,Ben Schnetzer
206988,Lewis MacDougall
206989,Jamie Dornan
206992,James Allen McCune
206993,Shahab Hosseini
206995,James Arnold Taylor
207003,Ruth Ramos
207005,Elizabeth Reaser
207007,Natalie Dormer
207009,Lucas Till
207012,Sandra Hüller
207015,Joe Alwyn
207017,Carlos Acosta
207021,Ruth Negga
207022,Dave Johns
207023,Harshvardhan Rane
207024,Dominic Monaghan
207032,Taapsee Pannu
207033,Narges Rashidi
207035,Stephan James
207037,Emma Suárez
207039,Rami Malek
207040,Erin Darke
207041,Jessica Brown Findlay
207043,Lou de Laâge
207047,Bill Skarsgård
207048,Tom Holland
207054,Armie Hammer
207057,Daniel Kaluuya
207058,Fionn Whitehead
207059,Anthony Gonzalez
207060,Ansel Elgort
207063,Gal Gadot
207066,Jacob Tremblay
207073,Emma Watson
207077,Jessie Buckley
207078,Margot Robbie
207084,Barry G. Bernson
207087,Jessica Rothe
207091,Lesley Manville
207093,Scott Shepherd
207099,Brooklynn Prince
207103,Vicky Krieps
207108,Andy Serkis
207115,Michael Peña
207122,Kumail Nanjiani
207123,Aaron Moorhead
207125,Katie Leung
207126,Matilda Anna Ingrid Lutz
207127,Matt Passmore
207132,Amandla Stenberg
207134,Jon Bernthal
207135,Dacre Montgomery
207140,Joel Edgerton
207146,T.J. Miller
207148,Rosario Dawson
207150,Regina Hall
207151,Douglas Booth
207156,Claes Bang
207159,Josh O'Connor
207161,Sverrir Gudnason
207164,Josh Gad
207166,Alison Brie
207168,Eili Harboe
207173,Brady Jandreau
207176,Ross Lynch
207178,George MacKay
207185,Demetrius Shipp Jr.
207187,Max Hubacher
207190,Stan Shaw
207194,Callum Turner
207197,Andy Biersack
207198,Demi Lovato
207199,Simone Baker
207200,Oakes Fegley
207201,Numan Acar
207207,Eugenio Derbez
207215,Jason Drucker
207216,Samuel Bottomley
207218,Harris Dickinson
207219,Emily Mortimer
207222,Maryana Spivak
207226,Owen Campbell
207227,Takuya Kimura
207229,Louis Garrel
207231,Nahuel Pérez Biscayart
207232,Charlie Plummer
207233,Sol Kyung-gu
207234,Pat Healy
207236,Billy Howle
207237,Samson Coulter
207238,Kim Ok-bin
207241,Brett Dalton
207242,Douglas Smith
207243,Ha Jung-woo
207257,Constance Wu
207259,John David Washington
207260,Boyd Holbrook
207262,Alden Ehrenreich
207263,Bella Thorne
207268,Lady Gaga
207273,Elsie Fisher
207276,Olivia Colman
207283,Y'lan Noel
207286,Demián Bichir
207287,Hannah Murray
207289,Sofia Boutella
207303,Zain Al Rafeea
207307,Thomasin McKenzie
207314,Justin Theroux
207318,Jovan Adepo
207320,Claire Foy
207321,Hera Hilmar
207327,Sunny Suljic
207329,Viola Davis
207330,Yoo Ah-in
207333,Leslie Mann
207337,Angourie Rice
207339,Lily Franky
207340,Daveed Diggs
207342,Aisling Franciosi
207350,Jassa Ahluwalia
207351,LaKeith Stanfield
207355,Joanna Kulig
207356,Lucy Hale
207360,Graham Verchere
207362,Storm Reid
207363,Amber Heard
207364,Ayushmann Khurrana
207367,Spencer Reinhard
207369,Aldis Hodge
207373,Taissa Farmiga
207375,Lin Shaye
207380,Lucas Hedges
207383,Ed Oxenbould
207385,Alex Roe
207387,Mahiro Takasugi
207388,José Luis Ferrer
207391,David Tennant
207392,Eva Melander
207394,Odessa Young
207395,Colin Woodell
207396,Mackenzie Foy
207403,Cynthea Mercado
207404,Rosamund Pike
207406,Kyrie Irving
207408,Shay Mitchell
207409,KiKi Layne
207410,Mamie Gummer
207414,Alek Skarlatos
207416,Chris O'Dowd
207417,Jakob Cedergren
207418,Tom Schilling
207420,Caitlin Gerard
207423,Tika Sumpter
207425,Alia Shawkat
207426,William Moseley
207427,Deepika Padukone
207429,Trevor Jackson
207431,J. Michael Finley
207433,Masako Nozawa
207435,Myles Truitt
207436,Emelie Garbers
207437,Alba August
207438,Wendi McLendon-Covey
207440,Tiffany Haddish
207441,Batsheva Dance Company
207442,Daiki Yamashita
207449,Taylor Russell
207452,Himesh Patel
207458,Josephine Langford
207460,Roman Griffin Davis
207461,Zachary Levi
207463,Dean-Charles Chapman
207469,Rosa Salazar
207470,Lupita Nyong'o
207471,Samara Weaving
207472,David Harbour
207473,Linda Hamilton
207477,Isabela Merced
207481,Donald Glover
207484,Kyle Chandler
207487,Sasha Luss
207488,Noémie Merlant
207498,Zack Gottsagen
207500,Octavia Spencer
207501,Haley Lu Richardson
207514,Jimmie Fails
207515,Patton Oswalt
207516,Linda Cardellini
207518,Zoe Margaret Colletti
207519,Michael Ealy
207526,Kotaro Daigo
207527,Jake Schur
207528,Marc Maron
207532,Neil Young
207533,Shuzhen Zhao
207541,Dave Bautista
207543,Billy Barratt
207546,Chloe Bennet
207548,Rebel Wilson
207554,Seána Kerslake
207555,Jillian Bell
207556,Sushant Singh Rajput
207558,Gina Rodriguez
207561,Sofia Mali
207562,Ma Dong-seok
207564,Matthias Schoenaerts
207566,Jing Wu
207567,Louis Ashbourne Serkis
207568,Caylee Cowan
207570,Marcel Ruiz
207574,Yanting Lü
207575,Finn Little
207576,Vijay Varma
207577,Beau Knapp
207579,Jake Choi
207582,Lee Dong-yong
207584,Yara Shahidi
207585,Peta Murgatroyd
207586,Varun Dhawan
207588,Akshay Kumar
207589,Melanie Martinez
207590,Mrunal Thakur
207592,Jo Jung-Suk
207593,Tania Raymonde
207594,Walton Goggins
207595,Ashley Bratcher
207596,Tiger Shroff
207597,Seo Jun Park
207598,Kartik Aaryan
207600,Juan Barberini
207601,Michael Roark
207602,Jun Fukuyama
207603,Hannah Pearl Utt
207604,David Thorpe
207605,Terry Serpico
207606,Chris Galust
207607,John Abraham
207608,Veronica Ngo
207609,Nawazuddin Siddiqui
207610,Sonam Kapoor
207611,Karina Fontes
207612,Xiaoming Huang
207614,Bonnie Langford
207615,Francesco Di Napoli
207616,Ace Young
207618,Matt Henry
207619,Brett Varvel
207620,Mi-ran Ra
207621,Spencer Brown
207622,David McConnell
207623,Vidyut Jammwal
207624,Hanyu Zhang
207626,Miko Hughes
207627,Martha Higareda
207628,Louis Koo
207629,Ryu Jun-Yeol
207630,Valerie Pachner
207631,JC Santos
207632,Sharman Joshi
207633,Tesshô Genda
207635,Bo Huang
207636,Liza Soberano
207638,Arjun Kapoor
207639,Tony Ka Fai Leung
207640,Cole Allen
207641,Michael Saquella
207642,Alexandra Bokova
207643,Anne-Élisabeth Bossé
207647,Elisabeth Moss
207650,Ben Schwartz
207653,Zhi-zhong Huang
207654,Shea Whigham
207655,Robert Pralgo
207656,Guangtao Jiang
207657,Scott Pryor
207659,Dan Belcher
207660,Kristina Klebe
207661,Augie Tulba
207662,Nicky Whelan
207663,Billy Hartmann
207664,Shannon Bond
207666,Onyama Laura
207667,Christina Roz
207668,Siyabonga Mabaso
